Family	Latin	Author
Acanthaceae	Aphelandra cuatrecasasii	Leonard
Acanthaceae	Justicia colorifera	V.A.W. Graham
Acanthaceae	Justicia metallica	Lindau
Acanthaceae	Mendoncia lindavii	Rusby
Acanthaceae	Ruellia terminalis	(Nees) Wassh.
Acanthaceae	Thunbergia alata	Bojer ex Sims
Achariaceae	Caloncoba gilgiana	(Sprague) Gilg
Achariaceae	Carpotroche surinamensis	Uittien
Amaranthaceae	Alternanthera pubiflora	(Benth.) Kuntze
Amaranthaceae	Amaranthus hypochondriacus	L.
Amaryllidaceae	Amaryllis belladonna	L.
Anacardiaceae	Mangifera indica	L.
Anacardiaceae	Spondias dulcis	Parkinson
Annonaceae	Annona billbergii	R.E. Fr.
Annonaceae	Annona palmeri	Saff.
Annonaceae	Annona reticulata	L.
Annonaceae	Annona spraguei	Saff.
Annonaceae	Cananga odorata	NA
Annonaceae	Cremastosperma pacificum	R.E. Fr.
Annonaceae	Cymbopetalum brasiliense	(Vell.) Benth. ex Baill.
Annonaceae	Desmopsis schippii	Standl.
Annonaceae	Guatteria dolichopoda	Donn. Sm.
Annonaceae	Stelechocarpus burahol	(Blume) Hook. f. & Thomson
Annonaceae	Unonopsis costaricensis	R.E. Fr.
Annonaceae	Unonopsis floribunda	Diels
Annonaceae	Unonopsis pittieri	Saff.
Apiaceae	Daucus carota	L.
Apocynaceae	Aspidosperma curranii	Standl.
Apocynaceae	Aspidosperma cuspa	(Kunth) S.F. Blake ex Pittier
Apocynaceae	Aspidosperma desmanthum	Benth. ex Müll. Arg.
Apocynaceae	Aspidosperma spruceanum	Benth. ex Müll. Arg.
Apocynaceae	Calotropis procera	(Aiton) W.T. Aiton
Apocynaceae	Catharanthus roseus	(L.) G. Don
Apocynaceae	Cryptostegia madagascariensis	Bojer ex Decne.
Apocynaceae	Forsteronia spicata	(Jacq.) G.Mey.
Apocynaceae	Macoubea guianensis	Aubl.
Apocynaceae	Malouetia cuatrecasatis	Woodson
Apocynaceae	Nerium oleander	L.
Apocynaceae	Plumeria inodora	Jacq.
Apocynaceae	Rauvolfia macrantha	K. Schum. ex Markgr.
Apocynaceae	Tabernaemontana columbiensis	(L. Allorge) Leeuwenb.
Apocynaceae	Tabernaemontana contorta	Stapf
Apocynaceae	Tabernaemontana divaricata	(L.) R. Br. ex Roem. & Schult.
Apocynaceae	Tabernaemontana flavicans	Willd. ex Roem. & Schult.
Apocynaceae	Tabernaemontana pandacaqui	Poir.
Apocynaceae	Tabernaemontana sananho	Ruiz & Pav.
Apodanthaceae	Pilostyles blanchetii	(Gardner) R. Br.
Araceae	Anthurium clarinervium	Matuda
Araceae	Anthurium interruptum	Sodiro
Araceae	Anthurium pallidiflorum	Engl.
Araceae	Anthurium trinerve	Miq.
Araceae	Dracontium soconuscum	Matuda
Araceae	Monstera dubia	(Kunth) Engl. & K. Krause
Araceae	Philodendron aurantiifolium	(K. Krause) Grayum
Araceae	Philodendron jodavisianum	G.S. Bunting
Araceae	Spathiphyllum matudae	G.S. Bunting
Araceae	Stenospermation marantifolium	Hemsl.
Araceae	Stenospermation robustum	Engl.
Araceae	Xanthosoma helleborifolium	(Jacq.) Schott
Araliaceae	Dendropanax gonatopodus	(Donn. Sm.) A.C. Sm.
Araliaceae	Dendropanax maritimus	M.J. Cannon & Cannon
Araliaceae	Dendropanax panamensis	M.J. Cannon & Cannon
Araliaceae	Polyscias guilfoylei	(W. Bull) L.H. Bailey
Araucariaceae	Araucaria araucana	(Molina) K. Koch
Araucariaceae	Araucaria columnaris	(J.R. Forst.) Hook.
Arecaceae	Acoelorrhaphe wrightii	(Griseb. & H.Wendl.) H.Wendl. ex Becc.
Arecaceae	Aiphanes horrida	(Jacq.) Burret
Arecaceae	Areca triandra	Roxb. ex Buch.-Ham.
Arecaceae	Attalea cohune	Mart.
Arecaceae	Attalea tessmannii	Burret
Arecaceae	Bactris gasipaes	Kunth
Arecaceae	Bactris militaris	H.E. Moore
Arecaceae	Bentinckia nicobarica	(Kurz) Becc.
Arecaceae	Caryota urens	L.
Arecaceae	Chamaedorea arenbergiana	H. Wendl.
Arecaceae	Chamaedorea linearis	(Ruiz & Pav.) Mart.
Arecaceae	Clinostigma eriostachys	Becc.
Arecaceae	Cocos nucifera	L.
Arecaceae	Cryosophila grayumii	R.J.Evans
Arecaceae	Deckenia nobilis	H.Wendl. ex Seem.
Arecaceae	Dictyosperma album	(Bory) H.L. Wendl. & Drude ex Scheff.
Arecaceae	Dypsis lutescens	(H. Wendl.) Beentje & J. Dransf.
Arecaceae	Elaeis guineensis	Jacq.
Arecaceae	Geonoma ferruginea	H. Wendl. ex Spruce
Arecaceae	Geonoma macrostachys	Mart.
Arecaceae	Latania loddigesii	Mart.
Arecaceae	Livistona chinensis	(Jacq.) R. Br.
Arecaceae	Mauritia flexuosa	L. f.
Arecaceae	Pelagodoxa henryana	Becc.
Arecaceae	Pholidostachys kalbreyeri	H. Wendl. ex Burret
Arecaceae	Pholidostachys synanthera	(Mart.) H.E. Moore
Arecaceae	Pinanga coronata	(Blume ex Mart.) Blume
Arecaceae	Prestoea schultzeana	(Burret) H.E. Moore
Arecaceae	Prestoea spicata	Henderson & deNevers
Arecaceae	Pritchardia pacifica	Seem. & H. Wendl.
Arecaceae	Ptychosperma elegans	(R. Br.) Blume
Arecaceae	Ptychosperma macarthurii	(H. Wendl. ex H.J. Veitch) H. Wendl. ex Hook. f.
Arecaceae	Roystonea regia	NA
Arecaceae	Sabal palmetto	(Walter) Lodd. ex Schult. & Schult. f.
Arecaceae	Serenoa repens	(W. Bartram) Small
Arecaceae	Thrinax radiata	Lodd. ex Schult. & Schult. f.
Arecaceae	Trithrinax warscewiczii	J.C. Wendl.
Arecaceae	Wettinia hirsuta	Burret
Aristolochiaceae	Aristolochia leuconeura	Linden
Asparagaceae	Cordyline fruticosa	(L.) A. Chev.
Asparagaceae	Maianthemum gigas	NA
Asparagaceae	Sansevieria hyacinthoides	(L.) Druce
Aspleniaceae	Asplenium blepharodes	D.C. Eaton
Aspleniaceae	Asplenium cruegeri	Hieron.
Aspleniaceae	Asplenium dissectum	Sw.
Aspleniaceae	Asplenium pululahuae	Sodiro
Aspleniaceae	Asplenium virillae	Christ
Asteraceae	Baccharis pedunculata	(Mill.) Cabrera
Asteraceae	Calea jamaicensis	(L.) L.
Asteraceae	Chromolaena ivifolia	(L.) R.M. King & H. Rob.
Asteraceae	Comaclinium montanum	(Benth.) Strother
Asteraceae	Emilia fosbergii	Nicolson
Asteraceae	Fleischmannia sideritidis	(Benth.) R.M. King & H. Rob.
Asteraceae	Hieracium irasuense	Benth.
Asteraceae	Hypochaeris radicata	L.
Asteraceae	Jungia ferruginea	L. f.
Asteraceae	Koanophyllon panamensis	R.M.King & H.Rob.
Asteraceae	Lactuca sativa	L.
Asteraceae	Mikania amblyolepis	B.L. Rob.
Asteraceae	Roldana heterogama	(Benth.) H. Rob. & Brettell
Asteraceae	Senecio oerstedianus	Benth.
Asteraceae	Sonchus asper	(L.) Hill
Asteraceae	Sonchus oleraceus	L.
Asteraceae	Tanacetum parthenium	(L.) Sch. Bip.
Asteraceae	Taraxacum officinale	L.
Asteraceae	Verbesina lanata	B.L. Rob. & Greenm.
Asteraceae	Verbesina pleistocephala	(Donn. Sm.) B.L. Rob.
Asteraceae	Wedelia iners	(S.F. Blake) Strother
Asteraceae	Werneria nubigena	Kunth
Asteraceae	Youngia japonica	(L.) DC.
Athyriaceae	Diplazium grandifolium	(Sw.) Sw.
Athyriaceae	Diplazium herbaceum	Fée
Athyriaceae	Diplazium neglectum	(H. Karst.) C. Chr.
Balanophoraceae	Langsdorffia hypogaea	Mart.
Balsaminaceae	Impatiens balsamina	L.
Balsaminaceae	Impatiens walleriana	Hook. f.
Basellaceae	Basella alba	L.
Begoniaceae	Begonia convallariodora	C. DC.
Begoniaceae	Begonia cucullata	Willd.
Begoniaceae	Begonia heydei	C. DC.
Begoniaceae	Begonia strigillosa	A. Dietr.
Begoniaceae	Begonia tiliifolia	C. DC.
Bignoniaceae	Crescentia alata	Kunth
Bignoniaceae	Crescentia cujete	L.
Bignoniaceae	Jacaranda mimosifolia	D. Don
Bignoniaceae	Kigelia africana	(Lam.) Benth.
Bignoniaceae	Kigelia pinnata	(Jacq.) DC.
Bignoniaceae	Parmentiera aculeata	(Kunth) Seem.
Bignoniaceae	Spathodea campanulata	P. Beauv.
Bignoniaceae	Tabebuia aurea	(Silva Manso) Benth. & Hook. f. ex S. Moore
Bixaceae	Bixa orellana	L.
Boraginaceae	Cordia panamensis	L. Riley
Boraginaceae	Cynoglossum officinale	L.
Boraginaceae	Heliotropium indicum	L.
Boraginaceae	Tournefortia johnstonii	Standl.
Boraginaceae	Varronia bullata	L.
Brassicaceae	Brassica juncea	(L.) Coss.
Brassicaceae	Cardamine flexuosa	With.
Brassicaceae	Nasturtium officinale	W.T. Aiton
Brassicaceae	Raphanus sativus	L.
Bromeliaceae	Aechmea angustifolia	Poepp. & Endl.
Bromeliaceae	Guzmania hollinensis	H. Luther
Bromeliaceae	Guzmania lingulata	(L.) Mez
Bromeliaceae	Pitcairnia saxicola	L.B. Sm.
Brunelliaceae	Brunellia acostae	Cuatrec.
Brunelliaceae	Brunellia standleyana	Cuatrec.
Burmanniaceae	Thismia panamensis	(Standl.) Jonker
Burseraceae	Bursera karsteniana	Engl.
Burseraceae	Canarium commune	L.
Burseraceae	Canarium indicum	L.
Burseraceae	Dacryodes edulis	(G. Don) H.J. Lam
Burseraceae	Protium ferrugineum	(Engl.) Engl.
Burseraceae	Protium puncticulatum	J.F. Macbr.
Burseraceae	Trattinnickia lawrancei	Standl.
Cactaceae	Pereskia guamacho	F.A.C. Weber
Calophyllaceae	Calophyllum inophyllum	L.
Calophyllaceae	Calophyllum soulattri	Burm. f.
Calophyllaceae	Clusiella elegans	Planch. & Triana
Calophyllaceae	Clusiella isthmensis	Hammel
Calophyllaceae	Marila geminata	Cuatrec.
Cannabaceae	Cannabis sativa	L.
Capparaceae	Capparidastrum macrophyllum	(Kunth) Hutch.
Capparaceae	Capparis pseudocacao	K. Schum.
Caprifoliaceae	Lonicera japonica	Thunb.
Caricaceae	Jacaratia mexicana	A. DC.
Caricaceae	Vasconcellea goudotiana	Triana & Planch.
Caryophyllaceae	Cerastium glomeratum	Thuill.
Caryophyllaceae	Silene gallica	L.
Caryophyllaceae	Spergula arvensis	L.
Caryophyllaceae	Stellaria media	(L.) Vill.
Casuarinaceae	Casuarina equisetifolia	NA
Celastraceae	Cheiloclinium belizense	(Standl.) A.C. Sm.
Celastraceae	Cheiloclinium obtusum	A.C. Sm.
Celastraceae	Salacia gigantea	Loes.
Celastraceae	Salacia macrantha	A.C. Sm.
Celastraceae	Semialarium mexicanum	(Miers) Mennega
Celastraceae	Tontelea hondurensis	A.C. Sm.
Celastraceae	Wimmeria bartlettii	Lundell
Chrysobalanaceae	Couepia polyandra	(Kunth) Rose
Chrysobalanaceae	Licania apetala	(E. Mey.) Fritsch
Chrysobalanaceae	Licania dodsonii	Prance
Chrysobalanaceae	Neocarya macrophylla	(Sabine) Prance ex F. White
Cleomaceae	Cleome rutidosperma	DC.
Cleomaceae	Podandrogyne decipiens	Cochrane
Cleomaceae	Podandrogyne formosa	Cochrane
Cleomaceae	Tarenaya longipes	(DC.) Iltis
Clusiaceae	Chrysochlamys floribunda	Cuatrec.
Clusiaceae	Chrysochlamys membranacea	Planch. & Triana
Clusiaceae	Chrysochlamys micrantha	Engl.
Clusiaceae	Chrysochlamys skutchii	Hammel
Clusiaceae	Chrysochlamys tenuifolia	Cuatrec.
Clusiaceae	Chrysochlamys weberbaueri	Engl.
Clusiaceae	Clusia alata	Planch. & Triana
Clusiaceae	Clusia crenata	Cuatrec.
Clusiaceae	Clusia hammeliana	Pipoly
Clusiaceae	Clusia longipetiolata	Schery
Clusiaceae	Clusia sipapoana	(Maguire) Pipoly
Clusiaceae	Clusia torresii	Standl.
Clusiaceae	Garcinia macrophylla	Mart.
Clusiaceae	Garcinia mangostana	L.
Clusiaceae	Garcinia pictoria	(Roxb.) D'Arcy
Clusiaceae	Tovomita froesii	Maguire
Clusiaceae	Tovomita stenantha	Standl.
Combretaceae	Quisqualis indica	L.
Combretaceae	Terminalia catappa	L.
Combretaceae	Terminalia dichotoma	G. Mey.
Combretaceae	Terminalia microcarpa	Decne.
Combretaceae	Terminalia muelleri	Benth.
Combretaceae	Terminalia myriocarpa	Van Heurck & Müll. Arg.
Commelinaceae	Commelina diffusa	Burm. f.
Commelinaceae	Murdannia nudiflora	(L.) Brenan
Commelinaceae	Tradescantia huehueteca	(Standl. & Steyerm.) D.R. Hunt
Commelinaceae	Tradescantia schippii	D.R. Hunt
Connaraceae	Connarus lambertii	(DC.) Sagot
Connaraceae	Rourea suerrensis	Donn. Sm.
Convolvulaceae	Cuscuta woodsonii	Yunck.
Convolvulaceae	Ipomoea aquatica	Forssk.
Convolvulaceae	Iseia luxurians	(Moric.) O'Donell
Convolvulaceae	Jacquemontia agrestis	(Mart. ex Choisy) Meisn.
Convolvulaceae	Maripa nicaraguensis	Hemsl.
Coriariaceae	Coriaria ruscifolia	(Poir.) L.E. Skog
Cucurbitaceae	Gurania capitata	(Poepp. & Endl.) Cogn.
Cucurbitaceae	Luffa aegyptiaca	Mill.
Cucurbitaceae	Posadaea sphaerocarpa	Cogn.
Cucurbitaceae	Sicyos chiriquensis	Hammel & D'Arcy
Cunoniaceae	Weinmannia elliptica	Kunth
Cupressaceae	Cupressus lusitanica	Mill.
Cupressaceae	Platycladus orientalis	(L.) Franco
Cyatheaceae	Alsophila lastii	(Baker) R.M. Tryon
Cyatheaceae	Cyathea pungens	(Willd.) Domin
Cyatheaceae	Cyathea spectabilis	(Kunze) Domin
Cyclanthaceae	Asplundia aurantiaca	Harling
Cyclanthaceae	Asplundia ecuadoriensis	(Harling) Harling
Cyclanthaceae	Asplundia flavovaginata	Harling
Cyclanthaceae	Asplundia isabellina	Harling
Cyclanthaceae	Asplundia labela	(R.E. Schult.) Harling
Cyclanthaceae	Cyclanthus bipartitus	Poit. ex A. Rich.
Cyperaceae	Calyptrocarya glomerulata	(Brongn.) Urb.
Cyperaceae	Carex hassei	L.H. Bailey
Cyperaceae	Carex polysticha	Boeckeler
Cyperaceae	Cyperus difformis	L.
Cyperaceae	Cyperus iria	L.
Cyperaceae	Eleocharis pachystyla	(C. Wright) C.B. Clarke
Cyperaceae	Fimbristylis dichotoma	(L.) Vahl
Cyperaceae	Fimbristylis littoralis	Gaudich.
Cyperaceae	Rhynchospora aristata	Boeckeler
Cyperaceae	Rhynchospora brownii	Guagl.
Cyperaceae	Rhynchospora dissitiflora	Steud. ex Boeckeler
Cyperaceae	Rhynchospora velutina	(Kunth) Boeckeler
Dennstaedtiaceae	Dennstaedtia auriculata	H. Navarrete & B. Øllg.
Dennstaedtiaceae	Hypolepis pulcherrima	Underw. & Maxon
Dennstaedtiaceae	Hypolepis stuebelii	Hieron.
Dichapetalaceae	Dichapetalum bullatum	Standl. & Steyerm.
Dilleniaceae	Dillenia indica	L.
Dilleniaceae	Dillenia suffruticosa	(Griff.) Martelli
Dioscoreaceae	Dioscorea alata	L.
Dioscoreaceae	Dioscorea bulbifera	L.
Dioscoreaceae	Dioscorea lepida	C.V. Morton
Dioscoreaceae	Dioscorea liebmannii	Uline
Dipentodontaceae	Perrottetia panamensis	Lundell
Dipentodontaceae	Perrottetia quinduensis	Kunth
Dryopteridaceae	Bolbitis serratifolia	(Mert. ex Kaulf.) Schott
Dryopteridaceae	Ctenitis refulgens	(Klotzsch ex Mett.) C. Chr. ex Vareschi
Dryopteridaceae	Ctenitis sloanei	(Poepp. ex Spreng.) C.V. Morton
Dryopteridaceae	Elaphoglossum glabellum	J. Sm.
Dryopteridaceae	Elaphoglossum huacsaro	(Ruiz) Christ
Dryopteridaceae	Elaphoglossum latum	(Mickel) L. Atehortúa ex Mickel
Dryopteridaceae	Megalastrum lunense	(Christ) A.R. Sm. & R.C. Moran
Dryopteridaceae	Polybotrya caudata	Kunze
Dryopteridaceae	Polystichum alfaroi	(Christ) Barrington
Ebenaceae	Diospyros amanap	B.Walln.
Ebenaceae	Diospyros artanthifolia	Mart. ex Miq.
Ebenaceae	Diospyros discolor	Willd.
Ebenaceae	Diospyros juruensis	A.C. Sm.
Elaeocarpaceae	Elaeocarpus grandis	F. Muell.
Elaeocarpaceae	Elaeocarpus serratus	L.
Elaeocarpaceae	Mayna odorata	Aubl.
Elaeocarpaceae	Mortoniodendron anisophyllum	(Standl.) Standl. & Steyerm.
Elaeocarpaceae	Sloanea caribaea	Krug & Urb.
Elaeocarpaceae	Sloanea guapilensis	Standl.
Elaeocarpaceae	Sloanea guianensis	(Aubl.) Benth.
Elaeocarpaceae	Sloanea rugosa	Dam. A. Sm.
Elaeocarpaceae	Sloanea steyermarkii	Earle Sm.
Elaeocarpaceae	Sloanea stipitata	Spruce ex Benth.
Ericaceae	Bejaria sprucei	Meisn.
Ericaceae	Cavendishia albopicata	Luteyn
Ericaceae	Cavendishia aurantiaca	Luteyn
Ericaceae	Cavendishia nobilis	(Benth.) Luteyn
Ericaceae	Cavendishia parviflora	Luteyn
Ericaceae	Gaultheria anastomosans	(L. f.) Kunth
Erythroxylaceae	Erythroxylum novogranatense	(D. Morris) Hieron.
Erythroxylaceae	Erythroxylum suberosum	A. St.-Hil.
Euphorbiaceae	Acalypha hispida	Burm. f.
Euphorbiaceae	Acalypha stenoloba	Müll. Arg.
Euphorbiaceae	Acalypha wilkesiana	Müll. Arg.
Euphorbiaceae	Aparisthmium cordatum	(A. Juss.) Baill.
Euphorbiaceae	Codiaeum variegatum	(L.) Rumph. ex A. Juss.
Euphorbiaceae	Croton costatus	Kunth
Euphorbiaceae	Croton glabellus	L.
Euphorbiaceae	Croton heliotropiifolius	Kunth
Euphorbiaceae	Croton xalapensis	Kunth
Euphorbiaceae	Dalechampia scandens	L.
Euphorbiaceae	Dysopsis glechomoides	(A. Rich.) Müll. Arg.
Euphorbiaceae	Euphorbia apocynoides	Klotzsch
Euphorbiaceae	Euphorbia milii	Des Moul.
Euphorbiaceae	Euphorbia peplus	L.
Euphorbiaceae	Euphorbia pulcherrima	Willd. ex Klotzsch
Euphorbiaceae	Euphorbia tirucalli	L.
Euphorbiaceae	Hevea brasiliensis	(Willd. ex A. Juss.) Müll. Arg.
Euphorbiaceae	Jatropha integerrima	Jacq.
Euphorbiaceae	Jatropha multifida	L.
Euphorbiaceae	Mabea piriri	Aubl.
Euphorbiaceae	Maprounea guianensis	Aubl.
Euphorbiaceae	Pseudosenefeldera inclinata	(Müll. Arg.) Esser
Euphorbiaceae	Ricinus communis	L.
Euphorbiaceae	Sapium jamaicense	Sw.
Euphorbiaceae	Tetrorchidium gorgonae	Croizat
Fabaceae	Abrus precatorius	Verdc.
Fabaceae	Acacia auriculiformis	A. Cunn. ex Benth.
Fabaceae	Acacia hindsii	Benth.
Fabaceae	Acaciella glauca	(L.) L. Rico
Fabaceae	Albizia lebbeck	(L.) Benth.
Fabaceae	Albizia multiflora	(Kunth) Barneby & J.W. Grimes
Fabaceae	Albizia procera	(Roxb.) Benth.
Fabaceae	Bauhinia malabarica	Roxb.
Fabaceae	Bauhinia monandra	Kurz
Fabaceae	Bauhinia multinervia	(Kunth) DC.
Fabaceae	Bauhinia purpurea	L.
Fabaceae	Bauhinia variegata	L.
Fabaceae	Caesalpinia coriacea	Pépin
Fabaceae	Caesalpinia crista	L.
Fabaceae	Caesalpinia pulcherrima	NA
Fabaceae	Caesalpinia sappan	L.
Fabaceae	Cajanus bicolor	DC.
Fabaceae	Cajanus cajan	NA
Fabaceae	Calliandra haematocephala	Hassk.
Fabaceae	Cassia fistula	L.
Fabaceae	Cassia javanica	L.
Fabaceae	Centrolobium paraense	Tul.
Fabaceae	Copaifera guyanensis	Desf.
Fabaceae	Copaifera officinalis	(Jacq.) L.
Fabaceae	Crotalaria retusa	L.
Fabaceae	Crotalaria spectabilis	Roth
Fabaceae	Cymbosema roseum	Benth.
Fabaceae	Cynometra fissicuspis	(Pittier) Pittier
Fabaceae	Cynometra marginata	Benth.
Fabaceae	Delonix regia	(Bojer ex Hook.) Raf.
Fabaceae	Desmodium maxonii	(Standl.) Standl.
Fabaceae	Desmodium triflorum	NA
Fabaceae	Diphysa suberosa	S. Watson
Fabaceae	Erythrina crista-galli	L.
Fabaceae	Erythrina edulis	Triana ex Micheli
Fabaceae	Erythrophleum suaveolens	(Guill. & Perr.) Brenan
Fabaceae	Flemingia strobilifera	(L.) R. Br.
Fabaceae	Haematoxylum brasiletto	H. Karst.
Fabaceae	Hymenaea verrucosa	Gaertn.
Fabaceae	Inga cordistipula	Mart.
Fabaceae	Inga davidsoniae	Standl.
Fabaceae	Inga densiflora	Benth.
Fabaceae	Inga edulis	Mart.
Fabaceae	Inga gracilior	Sprague
Fabaceae	Inga schiedeana	Steud.
Fabaceae	Inga skutchii	Standl.
Fabaceae	Inga thibaudiana	DC.
Fabaceae	Leucaena leucocephala	(Lam.) de Wit
Fabaceae	Lonchocarpus acuminatus	(Schltdl.) M. Sousa
Fabaceae	Machaerium aculeatum	(Vell.) Stellfeld
Fabaceae	Machaerium quinata	(Aubl.) Sandwith
Fabaceae	Mucuna pruriens	NA
Fabaceae	Muellera fendleri	(Benth.) M.J. Silva & A.M.G. Azevedo
Fabaceae	Ormosia isthmensis	Standl.
Fabaceae	Peltophorum pterocarpum	(DC.) Backer ex K. Heyne
Fabaceae	Phaseolus tuerckheimii	Donn. Sm.
Fabaceae	Piscidia carthagenensis	Jacq.
Fabaceae	Pithecellobium discolor	Britton
Fabaceae	Pithecellobium lanceolatum	(Humb. & Bonpl. ex Willd.) Benth.
Fabaceae	Pithecellobium longiflorum	Benth.
Fabaceae	Pithecellobium umbriflorum	Ducke
Fabaceae	Poincianella pluviosa	(DC.) L.P. Queiroz
Fabaceae	Pterocarpus amazonum	(Mart. ex Benth.) Amshoff
Fabaceae	Pterocarpus floribundus	Pittier
Fabaceae	Pterocarpus michelianus	N. Zamora
Fabaceae	Senna atomaria	(L.) H.S. Irwin & Barneby
Fabaceae	Senna burkartiana	(Villa) H.S. Irwin & Barneby
Fabaceae	Senna fruticosa	(Mill.) H.S. Irwin & Barneby
Fabaceae	Senna leiophylla	(Vogel) H.S. Irwin & Barneby
Fabaceae	Senna multijuga	(Rich.) H.S. Irwin & Barneby
Fabaceae	Senna oxyphylla	(Kunth) H.S. Irwin & Barneby
Fabaceae	Senna siamea	(Lam.) H.S. Irwin & Barneby
Fabaceae	Swartzia arborescens	(Aubl.) Pittier
Fabaceae	Swartzia costaricensis	(Britton) N. Zamora
Fabaceae	Swartzia myrtifolia	Sm.
Fabaceae	Tachigali paniculata	Aubl.
Fabaceae	Tachigali versicolor	Standl. & L.O. Williams
Fabaceae	Tamarindus indica	L.
Fabaceae	Tetrapleura tetraptera	(Schumach. & Thonn.) Taub.
Fabaceae	Trifolium dubium	Sibth.
Fabaceae	Trifolium pratense	L.
Fabaceae	Trifolium repens	L.
Fabaceae	Uribea tamarindoides	Dugand & Romero
Fabaceae	Vachellia macracantha	(Humb. & Bonpl. ex Willd.) Seigler & Ebinger
Fabaceae	Vatairea lundellii	(Standl.) Killip ex Record
Fabaceae	Vicia faba	L.
Fabaceae	Vigna unguiculata	NA
Fabaceae	Zygia inaequalis	(Humb. & Bonpl. ex Willd.) Pittier
Fabaceae	Zygia pithecolobioides	(Harms) Barneby & J.W. Grimes
Gentianaceae	Curtia tenella	(Mart.) Cham.
Gentianaceae	Gentiana sedifolia	Kunth
Gentianaceae	Potalia amara	Aubl.
Gentianaceae	Schultesia heterophylla	Miq.
Gentianaceae	Voyria truncata	(Standl.) Standl. & Steyerm.
Gesneriaceae	Besleria fallax	C.E. Gonzalez, L.E. Skog & Amaya
Gesneriaceae	Chrysothemis pulchella	(Donn) Decne.
Gesneriaceae	Columnea purpurata	Hanst.
Gesneriaceae	Columnea schiedeana	Schltdl.
Gesneriaceae	Diastema hispidum	(DC.) Fritsch
Gesneriaceae	Drymonia macrantha	(Donn. Sm.) D.N. Gibson
Gesneriaceae	Drymonia macrophylla	(Oerst.) H.E. Moore
Gesneriaceae	Episcia lilacina	Hanst.
Gesneriaceae	Kohleria tigridia	(Ohlend.) Roalson & Boggan
Gesneriaceae	Monopyle puberula	C.V. Morton
Gesneriaceae	Nautilocalyx panamensis	(Seem.) Seem.
Gesneriaceae	Nematanthus hirtellus	(Schott) Wiehler
Gesneriaceae	Neomortonia nummularia	(Hanst.) Wiehler
Gunneraceae	Gunnera insignis	(Oerst.) A. DC.
Heliconiaceae	Heliconia lophocarpa	G.S. Daniels & F.G. Stiles
Heliconiaceae	Heliconia wagneriana	Petersen
Hernandiaceae	Hernandia didymantha	Donn. Sm.
Hydrangeaceae	Hydrangea steyermarkii	Standl.
Hydrocharitaceae	Hydrilla verticillata	(L. f.) Royle
Hydrocharitaceae	Limnobium laevigatum	(Humb. & Bonpl. ex Willd.) Heine
Hymenophyllaceae	Hymenophyllum sieberi	(C. Presl) Bosch
Hymenophyllaceae	Trichomanes angustifrons	(Fée) Wess. Boer
Hymenophyllaceae	Trichomanes lucens	Sw.
Iridaceae	Sisyrinchium chiricanum	Woodson
Iridaceae	Sisyrinchium convolutum	Nocca
Lamiaceae	Clerodendrum chinense	(Osbeck) Mabb.
Lamiaceae	Gmelina arborea	Roxb.
Lamiaceae	Hyptis oblongifolia	Benth.
Lamiaceae	Leonurus japonicus	Houtt.
Lamiaceae	Ocimum basilicum	L.
Lamiaceae	Tectona grandis	L. f.
Lamiaceae	Vitex flavens	Kunth
Lamiaceae	Vitex parviflora	Juss.
Lauraceae	Aniba hostmanniana	(Nees) Mez
Lauraceae	Aniba venezuelana	Mez
Lauraceae	Cinnamomum neurophyllum	(Mez & Pittier) Kosterm.
Lauraceae	Cinnamomum verum	J. Presl
Lauraceae	Cinnamonum paratriplinerve	Lorea-Hern.
Lauraceae	Endlicheria sericea	Nees
Lauraceae	Licaria crassifolia	(Poir.) P.L.R. Moraes
Lauraceae	Nectandra belizensis	(Lundell) C.K. Allen
Lauraceae	Nectandra globosa	(Aubl.) Mez
Lauraceae	Nectandra purpurea	(Ruiz & Pav.) Mez
Lauraceae	Nectandra salicina	C.K. Allen
Lauraceae	Ocotea psychotrioides	Billb. ex Meissner
Lauraceae	Pleurothyrium trianae	(Mez) Rohwer
Lecythidaceae	Couroupita guianensis	Aubl.
Lecythidaceae	Eschweilera microcalyx	S.A. Mori
Lecythidaceae	Gustavia hexapetala	(Aubl.) Sm.
Lecythidaceae	Gustavia verticillata	Miers
Lecythidaceae	Lecythis minor	Jacq.
Lecythidaceae	Lecythis pisonis	Cambess.
Lentibulariaceae	Utricularia hydrocarpa	Vahl
Lentibulariaceae	Utricularia jamesoniana	Oliv.
Lindsaeaceae	Lindsaea klotzschiana	Moritz ex Ettingsh.
Loganiaceae	Strychnos panurensis	Sprague & Sandwith
Loganiaceae	Strychnos peckii	B.L. Rob.
Loranthaceae	Oryctanthus occidentalis	(L.) Eichler
Loranthaceae	Phthirusa pyrifolia	(Kunth) Eichler
Loranthaceae	Struthanthus polystachyus	(Ruiz & Pav.) G.Don
Lycopodiaceae	Huperzia taxifolia	(Sw.) Trevis.
Lythraceae	Lagerstroemia speciosa	(L.) Pers.
Lythraceae	Lagerstroemia tomentosa	C. Presl
Magnoliaceae	Michelia champaca	L.
Magnoliaceae	Talauma chocoensis	Lozano
Malpighiaceae	Adelphia hiraea	(Gaertn.) W.R. Anderson
Malpighiaceae	Banisteriopsis elegans	(Triana & Planch.) Sandwith
Malpighiaceae	Banisteriopsis wurdackii	B. Gates
Malpighiaceae	Bunchosia diphylla	(Jacq.) Cuatrec. & Croat
Malpighiaceae	Bunchosia gracilis	Nied.
Malpighiaceae	Bunchosia hartwegiana	Benth.
Malpighiaceae	Bunchosia lanieri	S. Watson
Malpighiaceae	Bunchosia lindeniana	A. Juss.
Malpighiaceae	Byrsonima concinna	Benth.
Malpighiaceae	Galphimia gracilis	Bartl.
Malpighiaceae	Heteropteris laurifolia	(L.) Juss.
Malpighiaceae	Malpighia emarginata	DC.
Malpighiaceae	Tetrapterys donnell-smithii	Small
Malpighiaceae	Tetrapterys glabrifolia	(Griseb.) Small
Malvaceae	Abelmoschus esculentus	(L.) Moench
Malvaceae	Apeiba aspera	Aubl.
Malvaceae	Hampea dukei	A. Robyns
Malvaceae	Hibiscus cannabinus	L.
Malvaceae	Hibiscus rosa-sinensis	L.
Malvaceae	Hibiscus sabdariffa	L.
Malvaceae	Kleinhovia hospita	L.
Malvaceae	Luehea candicans	Mart.
Malvaceae	Luehea divaricata	Mart.
Malvaceae	Malva neglecta	Wallr.
Malvaceae	Matisia exalata	W.S. Alverson
Malvaceae	Matisia lomensis	(Cuatrec.) Cuatrec.
Malvaceae	Mortoniodendron pilosum	Meijer
Malvaceae	Peltaea trinervis	(C. Presl) Krapov. & Cristóbal
Malvaceae	Quararibea gomeziana	W.S. Alverson
Malvaceae	Sterculia lanceolata	Cav.
Malvaceae	Theobroma bicolor	Humb. & Bonpl.
Malvaceae	Theobroma grandiflorum	(Willd. ex Spreng.) K. Schum.
Malvaceae	Theobroma hylaeum	Cuatrec.
Malvaceae	Thespesia populnea	(L.) Sol. ex Corrêa
Malvaceae	Trichospermum galeottii	(Turcz.) Kosterm.
Malvaceae	Urena lobata	(L.) Borss. Waalk.
Marantaceae	Calathea inocephala	(Kuntze) H. Kenn. & Nicolson
Marantaceae	Maranta leuconeura	(E. Morren) Petersen
Marattiaceae	Marattia excavata	Underw.
Marcgraviaceae	Marcgravia brownei	(Triana & Planch.) Krug & Urb.
Marsileaceae	Marsilea quadrifolia	L.
Melastomataceae	Acisanthera limnobios	(DC.) Triana
Melastomataceae	Blakea hirsuta	Berg ex Triana
Melastomataceae	Clidemia fendleri	Cogn.
Melastomataceae	Clidemia novemnervia	(DC.) Triana
Melastomataceae	Clidemia urceolata	DC.
Melastomataceae	Conostegia extinctoria	(Bonpl.) D. Don
Melastomataceae	Conostegia formosa	Macfad.
Melastomataceae	Conostegia hirtella	Cogn.
Melastomataceae	Conostegia montana	(Sw.) D. Don ex DC.
Melastomataceae	Leandra cornoides	(Schltdl. & Cham.) Cogn.
Melastomataceae	Leandra lima	(Desr.) Judd & Skean
Melastomataceae	Leandra multiplinervis	(Naudin) Cogn.
Melastomataceae	Meriania macrophylla	NA
Melastomataceae	Miconia aeruginosa	Naudin
Melastomataceae	Miconia brevitheca	Gleason
Melastomataceae	Miconia cremadena	Gleason
Melastomataceae	Miconia decurrens	Cogn.
Melastomataceae	Miconia emendata	Wurdack
Melastomataceae	Miconia hondurensis	Donn. Sm.
Melastomataceae	Miconia hyperprasina	Naudin
Melastomataceae	Miconia nervosa	(Sm.) Triana
Melastomataceae	Miconia nutans	Donn. Sm.
Melastomataceae	Miconia phaeophylla	Triana
Melastomataceae	Miconia prietoi	Wurdack
Melastomataceae	Miconia reducens	Triana
Melastomataceae	Miconia robinsoniana	Cogn.
Melastomataceae	Miconia schlimii	Triana
Melastomataceae	Miconia ternatifolia	Triana
Melastomataceae	Miconia tomentosa	(Rich.) D. Don ex DC.
Melastomataceae	Mouriri exilis	Gleason
Melastomataceae	Topobea watsonii	Cogn.
Melastomataceae	Triolena barbeyana	Cogn.
Meliaceae	Cedrela angustifolia	Sessé & Moc. ex DC.
Meliaceae	Guarea veraguensis	Coronado
Meliaceae	Melia azedarach	L.
Meliaceae	Sandoricum koetjape	(Burm. f.) Merr.
Meliaceae	Trichilia cipo	(A. Juss.) C. DC.
Meliaceae	Trichilia glabra	L.
Meliaceae	Trichilia japurensis	C. DC.
Meliaceae	Trichilia obovata	W. Palacios
Meliaceae	Trichilia poeppigiana	C. DC.
Meliaceae	Trichilia tomentosa	Kunth
Menispermaceae	Disciphania inversa	Barneby
Metaxyaceae	Metaxya rostrata	(Kunth) C. Presl
Monimiaceae	Mollinedia lanceolata	Ruiz & Pav.
Monimiaceae	Mollinedia minutiflora	Standl. & L.O. Williams
Monimiaceae	Siparuna pauciflora	(Beurl.) A. DC.
Montiaceae	Montia fontana	L.
Moraceae	Artocarpus altilis	(Parkinson) Fosberg
Moraceae	Artocarpus heterophyllus	Lam.
Moraceae	Dorstenia choconiana	S. Watson
Moraceae	Ficus altissima	Blume
Moraceae	Ficus benghalensis	L.
Moraceae	Ficus benjamina	L.
Moraceae	Ficus elastica	Roxb.
Moraceae	Ficus eximia	Schott
Moraceae	Ficus lutea	Vahl
Moraceae	Ficus microcarpa	L. f.
Moraceae	Ficus popenoei	Standl.
Moraceae	Ficus romeroi	Dugand
Moraceae	Morus insignis	Bureau
Moringaceae	Moringa oleifera	Lam.
Musaceae	Musa x paradisiaca	L.
Myricaceae	Morella pubescens	(Humb. & Bonpl. ex Willd.) Wilbur
Myristicaceae	Iryanthera macrophylla	Warb.
Myristicaceae	Myristica fragrans	Houtt.
Myristicaceae	Virola calophylla	(Spruce) Warb.
Myristicaceae	Virola koschnyi	Warb.
Myrtaceae	Callistemon viminalis	(Sol. ex Gaertn.) G. Don
Myrtaceae	Calyptranthes pallens	Griseb.
Myrtaceae	Calyptranthes schiedeana	O. Berg
Myrtaceae	Corymbia citriodora	(Hook.) K.D. Hill & L.A.S. Johnson
Myrtaceae	Eucalyptus camaldulensis	Dehnh.
Myrtaceae	Eucalyptus cinerea	F. Muell. ex Benth.
Myrtaceae	Eucalyptus globulus	Labill.
Myrtaceae	Eucalyptus robusta	Sm.
Myrtaceae	Eucalyptus rudis	Endl.
Myrtaceae	Eucalyptus sideroxylon	A. Cunn. ex Woolls
Myrtaceae	Eugenia albicans	(O. Berg) Urb.
Myrtaceae	Eugenia moschata	(Aubl.) Nied. ex T. Durand & B.D. Jacks.
Myrtaceae	Eugenia octopleura	Krug & Urb.
Myrtaceae	Eugenia rhombea	(O. Berg) Krug & Urb.
Myrtaceae	Eugenia rosea	Barg. Rodr.
Myrtaceae	Eugenia skutchii	C.V. Morton & Standl.
Myrtaceae	Melaleuca quinquenervia	(Cav.) S.T. Blake
Myrtaceae	Myrceugenia lanceolata	(Juss. ex J. St.-Hil.) Kausel
Myrtaceae	Myrcia fallax	(Rich.) DC.
Myrtaceae	Myrcia magnoliifolia	DC.
Myrtaceae	Myrciaria vismeifolia	(Benth.) O. Berg
Myrtaceae	Pimenta dioica	(L.) Merr.
Myrtaceae	Pimenta racemosa	(Mill.) J.W. Moore
Myrtaceae	Psidium cattleianum	Sabine
Myrtaceae	Psidium oligospermum	DC.
Myrtaceae	Syzygium cumini	(L.) Skeels
Myrtaceae	Syzygium jambos	(L.) Alston
Myrtaceae	Syzygium malaccense	(L.) Merr. & L.M. Perry
Myrtaceae	Syzygium samarangense	(Blume) Merr. & L.M. Perry
Myrtaceae	Syzygium syzygioides	(Miq.) Merr. & L.M. Perry
Myrtaceae	Verticordia attenuata	A.S.George
Nyctaginaceae	Cephalotomandra fragrans	H.Karst. & Triana
Nyctaginaceae	Guapira myrtiflora	(Standl.) Little
Nyctaginaceae	Neea pittieri	Standl.
Ochnaceae	Ouratea pyramidalis	L. Riley
Oleaceae	Forestiera cartaginensis	Donn. Sm.
Oleaceae	Jasminum dichotomum	Vahl
Oleaceae	Jasminum fluminense	Vell.
Oleaceae	Jasminum grandiflorum	L.
Oleaceae	Jasminum multiflorum	(Burm. f.) Andrews
Oleaceae	Ligustrum sinense	Lour.
Onagraceae	Fuchsia hybrida	hort. ex Siebert & Voss
Opiliaceae	Agonandra brasiliensis	Miers ex Benth. & Hook. f.
Orchidaceae	Aa calceata	(Rchb. f.) Schltr.
Orchidaceae	Campylocentrum fasciola	(Lindl.) Cogn.
Orchidaceae	Campylocentrum poeppigii	(Rchb. f.) Rolfe
Orchidaceae	Campylocentrum schiedei	(Rchb. f.) Benth. ex Hemsl.
Orchidaceae	Caularthron bilamellatum	(Rchb. f.) R.E. Schultes
Orchidaceae	Condylago furculifera	Dressler & Bogarín
Orchidaceae	Cranichis muscosa	Sw.
Orchidaceae	Cranichis wageneri	Rchb. f.
Orchidaceae	Cryptarrhena guatemalensis	Schltr.
Orchidaceae	Cuitlauzina convallarioides	(Schltr.) Dressler & N.H. Williams
Orchidaceae	Dichaea trichocarpa	(Sw.) Lindl.
Orchidaceae	Elleanthus graminifolius	(Barb. Rodr.) Løjtnant
Orchidaceae	Elleanthus hymenophorus	(Rchb. f.) Rchb. f.
Orchidaceae	Epidendrum incomptum	Rchb. f.
Orchidaceae	Epidendrum paranthicum	Rchb. f.
Orchidaceae	Epidendrum peperomia	Rchb. f.
Orchidaceae	Epidendrum polyanthum	Lindl.
Orchidaceae	Epidendrum santaclarense	Ames
Orchidaceae	Epidendrum sculptum	Rchb. f.
Orchidaceae	Galeottia grandiflora	A. Rich. & Galeotti
Orchidaceae	Helleriella nicaraguensis	A.D. Hawkes
Orchidaceae	Ionopsis satyrioides	(Sw.) Rchb. f.
Orchidaceae	Kreodanthus secundus	(Ames) Garay
Orchidaceae	Liparis arnoglossophylla	Rchb. f. ex Hemsl.
Orchidaceae	Malaxis aurea	Ames
Orchidaceae	Maxillaria alba	(Hook.) Lindl.
Orchidaceae	Maxillaria maleolens	Schltr.
Orchidaceae	Maxillaria moralesii	Carnevali & J.T. Atwood
Orchidaceae	Maxillaria nasuta	Rchb. f.
Orchidaceae	Maxillaria scorpioidea	Kraenzl.
Orchidaceae	Myoxanthus octomeriae	(Schltr.) Luer
Orchidaceae	Octomeria scirpoidea	(Poepp. & Endl.) Rchb. f.
Orchidaceae	Oeceoclades maculata	(Lindl.) Lindl.
Orchidaceae	Oncidium ensatum	Lindl.
Orchidaceae	Phloeophila peperomioides	(Ames) Garay
Orchidaceae	Phragmipedium warscewiczii	(Rchb.f.) Christenson
Orchidaceae	Platystele caudatisepala	(C. Schweinf.) Garay
Orchidaceae	Platystele compacta	(Ames) Ames
Orchidaceae	Platystele jungermannioides	(Schltr.) Garay
Orchidaceae	Platystele ovalifolia	(H. Focke) Garay & Dunst.
Orchidaceae	Platystele oxyglossa	(Schltr.) Garay
Orchidaceae	Platystele resimula	Luer & Hirtz
Orchidaceae	Plectrophora alata	(Rolfe) Garay
Orchidaceae	Pleurothallis homolantha	Schltr.
Orchidaceae	Polystachya masayensis	Rchb. f.
Orchidaceae	Ponthieva tuerckheimii	Schltr.
Orchidaceae	Prosthechea abbreviata	(Schltr.) W.E. Higgins
Orchidaceae	Restrepia trichoglossa	F. Lehm. ex Sander
Orchidaceae	Rhynchostele bictoniensis	(Bateman) Soto Arenas & Salazar
Orchidaceae	Scaphosepalum microdactylum	Rolfe
Orchidaceae	Scaphyglottis prolifera	(Sw.) Cogn.
Orchidaceae	Sobralia crispissima	Dressler
Orchidaceae	Sobralia lindleyana	Rchb. f.
Orchidaceae	Stelis aemula	Schltr.
Orchidaceae	Stelis bidentata	Schltr.
Orchidaceae	Stelis despectans	Schltr.
Orchidaceae	Telipogon radiatus	Rchb. f.
Orchidaceae	Trichopilia galeottiana	A. Rich. & Galeotti
Orchidaceae	Trichopilia subulata	(Sw.) Rchb. f.
Orchidaceae	Trichopilia tortilis	Lindl.
Orchidaceae	Trichosalpinx cedralensis	(Ames) Luer
Orchidaceae	Trichosalpinx memor	(Rchb. f.) Luer
Orchidaceae	Triphora debilis	(Schltr.) Schltr.
Orchidaceae	Warrea costaricensis	Schltr.
Orobanchaceae	Alectra aspera	(Cham. & Schltdl.) L.O. Williams
Orobanchaceae	Buchnera palustris	(Aubl.) Spreng.
Oxalidaceae	Averrhoa bilimbi	L.
Oxalidaceae	Averrhoa carambola	L.
Passifloraceae	Passiflora apetala	Killip
Passifloraceae	Passiflora lancearia	Mast.
Passifloraceae	Passiflora seemannii	Griseb.
Pentaphylacaceae	Cleyera theaeoides	(Sw.) Choisy
Pentaphylacaceae	Freziera grisebachii	Krug & Urb.
Phyllanthaceae	Antidesma bunius	(L.) Spreng.
Phyllanthaceae	Phyllanthus acidus	(L.) Skeels
Phyllanthaceae	Phyllanthus amarus	Schumach. & Thonn.
Phyllanthaceae	Richeria grandis	Vahl
Phyllonomaceae	Phyllonoma laticuspis	(Turcz.) Engl.
Pinaceae	Pinus caribaea	(Sénécl.) W.H.G. Barrett & Golfari
Piperaceae	Peperomia cachabiana	C. DC.
Piperaceae	Peperomia cyclophylla	Miq.
Piperaceae	Peperomia heterophylla	Miq.
Piperaceae	Peperomia pseudoalpina	Trel.
Piperaceae	Peperomia spathophylla	Dahlst.
Piperaceae	Peperomia striata	Ruiz & Pav.
Piperaceae	Peperomia tenella	(Sw.) A. Dietr.
Piperaceae	Piper biauritum	C. DC.
Piperaceae	Piper bisasperatum	Trel.
Piperaceae	Piper biseriatum	C. DC.
Piperaceae	Piper carpinteranum	C. DC.
Piperaceae	Piper confertinodum	(Trel. & Yunck.) M.A. Jaram. & Callejas
Piperaceae	Piper coruscans	Kunth
Piperaceae	Piper figlinum	Trel.
Piperaceae	Piper gracillimum	Trel.
Piperaceae	Piper guanacostense	C. DC.
Piperaceae	Piper haughtii	Trel. & Yunck.
Piperaceae	Piper imperiale	(Miq.) C. DC.
Piperaceae	Piper malpasoensis	Tebbs
Piperaceae	Piper secundum	Ruiz & Pav.
Piperaceae	Piper silvivagum	C. DC.
Plantaginaceae	Bacopa sessiliflora	(Benth.) Edwall
Plantaginaceae	Digitalis purpurea	L.
Plantaginaceae	Plantago lanceolata	L.
Plantaginaceae	Plantago major	L.
Plantaginaceae	Stemodia angulata	Oerst.
Plantaginaceae	Veronica arvensis	L.
Plantaginaceae	Veronica persica	Poir.
Plumbaginaceae	Plumbago auriculata	Lam.
Poaceae	Agrostis turrialbae	Mez
Poaceae	Arthrostylidium excelsum	Griseb.
Poaceae	Bambusa multiplex	NA
Poaceae	Bambusa vulgaris	Schrad. ex J.C. Wendl.
Poaceae	Bothriochloa bladhii	(Retz.) S.T. Blake
Poaceae	Bothriochloa pertusa	(L.) A. Camus
Poaceae	Briza minor	L.
Poaceae	Cenchrus ciliaris	L.
Poaceae	Chusquea foliosa	L.G. Clark
Poaceae	Coix lacryma-jobi	L.
Poaceae	Cynodon dactylon	(L.) Pers.
Poaceae	Dactyloctenium aegyptium	(L.) Willd.
Poaceae	Digitaria sanguinalis	(L.) Scop.
Poaceae	Digitaria violascens	Link
Poaceae	Eleusine indica	(L.) Gaertn.
Poaceae	Eragrostis amabilis	(L.) Wight & Arn.
Poaceae	Eragrostis simpliciflora	(J. Presl) Steud.
Poaceae	Eragrostis unioloides	(Retz.) Nees ex Steud.
Poaceae	Festuca aguana	E.B. Alexeev
Poaceae	Festuca swallenii	E.B. Alexeev
Poaceae	Hackelochloa granularis	(L.) Kuntze
Poaceae	Holcus lanatus	L.
Poaceae	Hymenachne donacifolia	(Raddi) Chase
Poaceae	Hyparrhenia rufa	(Nees) Stapf
Poaceae	Lasiacis linearis	Swallen
Poaceae	Megathyrsus maximus	(Jacq.) B.K. Simon & S.W.L. Jacobs
Poaceae	Oryza sativa	L.
Poaceae	Panicum altum	Hitchc. & Chase
Poaceae	Panicum trichidiachne	Döll
Poaceae	Paspalum serpentinum	Hochst. ex Steud.
Poaceae	Phalaris minor	Retz.
Poaceae	Phragmites australis	(Cav.) Trin. ex Steud.
Poaceae	Poa annua	L.
Poaceae	Rottboellia cochinchinensis	(Lour.) Clayton
Poaceae	Setaria barbata	(Lam.) Kunth
Poaceae	Setaria palmifolia	(J. Koenig) Stapf
Poaceae	Setaria sphacelata	(Schumach.) Stapf & C.E. Hubb. ex M.B. Moss
Poaceae	Sorghum halepense	(L.) Pers.
Poaceae	Sporobolus virginicus	(L.) Kunth
Poaceae	Thrasya petrosa	(Trin.) Chase
Poaceae	Urochloa mutica	(Forssk.) T.Q. Nguyen
Polemoniaceae	Cobaea minor	M. Martens & Galeotti
Polygalaceae	Monnina speciosa	Triana & Planch.
Polygonaceae	Coccoloba excelsa	Benth.
Polygonaceae	Coccoloba venosa	L.
Polygonaceae	Fallopia convolvulus	(L.) Á. Löve
Polygonaceae	Reynoutria japonica	Houtt.
Polygonaceae	Rumex acetosella	L.
Polygonaceae	Rumex obtusifolius	L.
Polygonaceae	Symmeria paniculata	Benth.
Polypodiaceae	Ceradenia pruinosa	(Maxon) L.E. Bishop
Polypodiaceae	Enterosora parietina	(Klotzsch) L.E. Bishop
Polypodiaceae	Microgramma reptans	(Cav.) A.R. Sm.
Polypodiaceae	Pecluma hygrometrica	(Splitg.) M.G. Price
Polypodiaceae	Pleopeltis percussa	(Cav.) Hook. & Grev.
Polypodiaceae	Polypodium fraxinifolium	Jacq.
Polypodiaceae	Polypodium remotum	Desv.
Polypodiaceae	Stenogrammitis limula	(Christ) Labiak
Polypodiaceae	Terpsichore subtilis	(Kunze ex Klotzsch) A.R. Sm.
Pontederiaceae	Heteranthera spicata	C. Presl
Portulacaceae	Portulaca oleracea	L.
Primulaceae	Ardisia copeyana	Standl.
Primulaceae	Ardisia nevermannii	Standl.
Primulaceae	Ardisia obuensis	Lundell
Primulaceae	Clavija jelskii	SzyszyÅ‚.
Primulaceae	Clavija ornata	D. Don
Primulaceae	Cybianthus occigranatensis	(Cuatrec.) G. Agostini
Primulaceae	Jacquinia arborea	Vahl
Primulaceae	Myrsine guianensis	(Aubl.) Kuntze
Primulaceae	Myrsine pellucidopunctata	Oerst.
Proteaceae	Grevillea robusta	A. Cunn. ex R. Br.
Proteaceae	Roupala monosperma	(Ruiz & Pav.) I.M. Johnst.
Pteridaceae	Adiantum caryotideum	Christ
Pteridaceae	Adiantum seemannii	Hook.
Pteridaceae	Adiantum terminatum	Kunze ex Miq.
Pteridaceae	Hecistopteris pumila	(Spreng.) J. Sm.
Pteridaceae	Pteris tripartita	Sw.
Pteridaceae	Radiovittaria stipitata	(Kunze) E.H. Crane
Putranjivaceae	Drypetes amazonica	Steyerm.
Ranunculaceae	Ranunculus flagelliformis	Sm.
Rhamnaceae	Colubrina arborescens	(Mill.) Sarg.
Rhamnaceae	Gouania velutina	Reissek
Rhamnaceae	Ziziphus mauritiana	Lam.
Rhizophoraceae	Cassipourea guianensis	Aubl.
Rosaceae	Crataegus cuprina	J.B. Phipps
Rosaceae	Eriobotrya japonica	(Thunb.) Lindl.
Rosaceae	Prunus brachybotrya	Zucc.
Rosaceae	Prunus occidentalis	Sw.
Rosaceae	Rosa spinosissima	L.
Rosaceae	Rubus schiedeanus	Steud.
Rosaceae	Spiraea cantoniensis	Zabel
Rubiaceae	Appunia tenuiflora	(Benth.) Jacks. & Hook. f.
Rubiaceae	Augusta rivalis	(Benth.) J.H. Kirkbr.
Rubiaceae	Bertiera parviflora	Spruce ex K. Schum.
Rubiaceae	Cephaelis involucrata	Willd.
Rubiaceae	Coccocypselum lanceolatum	(Ruiz & Pav.) Pers.
Rubiaceae	Coffea arabica	L.
Rubiaceae	Coffea liberica	W. Bull ex Hiern
Rubiaceae	Coussarea megistophylla	Standl.
Rubiaceae	Declieuxia fruticosa	(Willd. ex Roem. & Schult.) Kuntze
Rubiaceae	Elaeagia mariae	Wedd.
Rubiaceae	Evea emetica	(L. f.) Stellfeld
Rubiaceae	Exostema caribaeum	(Jacq.) Schult.
Rubiaceae	Faramea uniflora	Dwyer & M.V. Hayden
Rubiaceae	Gonzalagunia rudis	(Standl.) Standl.
Rubiaceae	Guettarda macrosperma	Donn. Sm.
Rubiaceae	Guettarda odorata	(Jacq.) Lam.
Rubiaceae	Hamelia magnifolia	Wernham
Rubiaceae	Hoffmannia asclepiadea	Standl.
Rubiaceae	Hoffmannia regalis	(Hook.) Hemsl.
Rubiaceae	Isertia hypoleuca	Benth.
Rubiaceae	Ixora casei	Hance
Rubiaceae	Ixora coccinea	L.
Rubiaceae	Ixora finlaysoniana	Wall. ex G. Don
Rubiaceae	Ixora sparsiflora	Elmer
Rubiaceae	Ixora ulei	K. Krause
Rubiaceae	Joosia umbellifera	H. Karst.
Rubiaceae	Machaonia coulteri	(Hook. f. ex Benth. & Hook.) Standl.
Rubiaceae	Morinda citrifolia	L.
Rubiaceae	Mussaenda erythrophylla	Schumach. & Thonn.
Rubiaceae	Notopleura epiphytica	(K. Krause) C.M. Taylor
Rubiaceae	Notopleura siggersiana	(Standl.) C.M. Taylor
Rubiaceae	Oldenlandiopsis callitrichoides	(Griseb.) Terrell & W.H. Lewis
Rubiaceae	Palicourea acanthacea	C.M.Taylor
Rubiaceae	Palicourea fastigiata	Kunth
Rubiaceae	Palicourea perquadrangularis	Wernham
Rubiaceae	Palicourea spathacea	C.M. Taylor
Rubiaceae	Pittoniotis trichantha	Griseb.
Rubiaceae	Pogonopus speciosus	(Jacq.) K. Schum.
Rubiaceae	Psychotria bracteocardia	(DC.) Müll. Arg.
Rubiaceae	Psychotria cuspidata	Bredem. ex Schult.
Rubiaceae	Psychotria harrisiana	Urb.
Rubiaceae	Psychotria laselvensis	C.W. Ham.
Rubiaceae	Psychotria lorencei	Dwyer
Rubiaceae	Psychotria officinalis	(Aubl.) Raeusch. ex Sandwith
Rubiaceae	Psychotria psychotrioides	(DC.) Roberty
Rubiaceae	Psychotria stenostachya	Standl.
Rubiaceae	Psychotria zevallosii	C.M. Taylor
Rubiaceae	Randia matudae	Lorence & Dwyer
Rubiaceae	Rosenbergiodendron longiflorum	(Ruiz & Pav.) Fagerl.
Rubiaceae	Rudgea llano-cartiensis	Dwyer
Rubiaceae	Rudgea magna	Standl.
Rubiaceae	Schradera blumii	Dwyer & M.V.Hayden
Rubiaceae	Sommera grandis	(Bartl. ex DC.) Standl.
Rubiaceae	Sommera smithii	Donn. Sm. & Standl.
Rubiaceae	Warszewiczia uxpanapensis	(Lorence) C.M. Taylor
Rutaceae	Amyris elemifera	L.
Rutaceae	Citrus aurantiifolia	(Christm.) Swingle
Rutaceae	Citrus aurantium	L.
Rutaceae	Citrus limon	(L.) Burm. f.
Rutaceae	Citrus maxima	(Burm.) Merr.
Rutaceae	Citrus reticulata	Blanco
Rutaceae	Citrus sinensis	(L.) Osbeck
Rutaceae	Esenbeckia alata	(H.Karst. & Triana) Triana & Planch.
Rutaceae	Murraya exotica	L.
Rutaceae	Neoraputia paraensis	(Ducke) Emmerich
Rutaceae	Zanthoxylum fagara	(L.) Sarg.
Rutaceae	Zanthoxylum harrisii	P. Wilson
Rutaceae	Zanthoxylum rhoifolium	Lam.
Sabiaceae	Meliosma donnellsmithii	Urb.
Salicaceae	Abatia rugosa	Ruiz & Pav.
Salicaceae	Casearia grandiflora	Cambess.
Salicaceae	Flacourtia indica	(Burm. f.) Merr.
Salicaceae	Flacourtia jangomas	(Lour.) Raeusch.
Salicaceae	Neosprucea grandiflora	(Spruce ex Benth.) Sleumer
Salicaceae	Xylosma quichensis	Donn. Sm.
Salicaceae	Xylosma velutina	(Tul.) Triana & Planch.
Santalaceae	Antidaphne viscoidea	Poepp. & Endl.
Santalaceae	Dendrophthora costaricensis	Urb.
Santalaceae	Dendrophthora obliqua	(C. Presl) Wiens
Santalaceae	Phoradendron chrysocladon	A. Gray
Santalaceae	Phoradendron undulatum	(Pohl ex DC.) Eichler
Sapindaceae	Allophylus punctatus	(Poepp.) Radlk.
Sapindaceae	Blighia sapida	K.D. Koenig
Sapindaceae	Cupania hirsuta	Radlk.
Sapindaceae	Dimocarpus longan	Lour.
Sapindaceae	Melicoccus bijugatus	Jacq.
Sapindaceae	Paullinia turbacensis	Kunth
Sapindaceae	Serjania insignis	Radlk.
Sapindaceae	Serjania trachygona	Radlk.
Sapindaceae	Serjania trifoliolata	Radlk.
Sapindaceae	Talisia cerasina	Radlk.
Sapindaceae	Toulicia reticulata	Radlk.
Sapotaceae	Chrysophyllum mexicanum	Brandegee ex Standl.
Sapotaceae	Chrysophyllum obtusifolium	NA
Sapotaceae	Ecclinusa guianensis	Eyma
Sapotaceae	Manilkara zapota	(L.) P. Royen
Sapotaceae	Mimusops elengi	L.
Sapotaceae	Pouteria dominigensis	(C.F. Gaertn.) Baehni
Sapotaceae	Pouteria engleri	Eyma
Sapotaceae	Pouteria ephedrantha	(A.C. Sm.) T.D. Penn.
Sapotaceae	Pouteria exfoliata	T.D. Penn.
Sapotaceae	Pouteria filipes	Eyma
Sapotaceae	Pouteria grandiflora	(A. DC.) Baehni
Sapotaceae	Pouteria procera	(Mart.) K. Hammer
Sapotaceae	Pouteria rata	NA
Sapotaceae	Pouteria sapota	(Jacq.) H.E. Moore & Stearn
Sapotaceae	Pouteria speciosa	(Ducke) Baehni
Sapotaceae	Sideroxylon obtusifolium	(Roem. & Schult.) T.D.Penn.
Sapotaceae	Synsepalum dulcificum	(Schumach. & Thonn.) Daniell
Scrophulariaceae	Buddleja davidii	Franch.
Selaginellaceae	Selaginella corrugis	Mickel & Beitel
Selaginellaceae	Selaginella huehuetenangensis	Hieron.
Selaginellaceae	Selaginella popayanensis	Hieron.
Simaroubaceae	Simaba guianensis	Aubl.
Siparunaceae	Siparuna aspera	(Ruiz & Pav.) A. DC.
Siparunaceae	Siparuna crassiflora	Perkins
Solanaceae	Acnistus arborescens	(L.) Schltdl.
Solanaceae	Brachistus stramoniifolius	(Kunth) Miers
Solanaceae	Brugmansia candida	Pers.
Solanaceae	Brugmansia suaveolens	(Humb. & Bonpl. ex Willd.) Bercht. & C. Presl
Solanaceae	Brunfelsia grandiflora	D. Don
Solanaceae	Brunfelsia undulata	Sw.
Solanaceae	Capsicum annuum	L.
Solanaceae	Capsicum chinense	Jacq.
Solanaceae	Cestrum dunalii	Francey
Solanaceae	Jaltomata repandidentata	(Dunal) Hunz.
Solanaceae	Lycianthes radiata	(Sendtn.) Bitter
Solanaceae	Markea megalandra	(Dunal) D'Arcy
Solanaceae	Solanum aligerum	Schltdl.
Solanaceae	Solanum asperolanatum	Ruiz & Pav.
Solanaceae	Solanum commersonii	NA
Solanaceae	Solanum conicum	Ruiz & Pav.
Solanaceae	Solanum diversiflorum	F. Muell.
Solanaceae	Solanum fendleri	Van Heurck & Müll. Arg.
Solanaceae	Solanum glaucophyllum	Desf.
Solanaceae	Solanum hispidum	Pers.
Solanaceae	Solanum intermedium	Sendtn.
Solanaceae	Solanum lancifolium	Sessé & Moc.
Solanaceae	Solanum lycopersicum	L.
Solanaceae	Solanum melongena	L.
Solanaceae	Solanum nigrum	L.
Solanaceae	Solanum oxycarpum	Schiede
Solanaceae	Solanum physalifolium	Rusby
Solanaceae	Solanum pseudocapsicum	L.
Solanaceae	Solanum quitoense	Lam.
Solanaceae	Solanum roseum	Bohs
Solanaceae	Solanum scabrum	Mill.
Solanaceae	Solanum stramoniifolium	Jacq.
Solanaceae	Solanum tuberosum	L.
Solanaceae	Solanum vaillantii	Dunal
Solanaceae	Witheringia synanthera	Hunz.
Sphenocleaceae	Sphenoclea zeylanica	Gaertn.
Styracaceae	Styrax conterminus	Donn. Sm.
Surianaceae	Suriana maritima	L.
Theaceae	Camellia japonica	L.
Thelypteridaceae	Macrothelypteris torresiana	(Gaudich.) Ching
Thelypteridaceae	Thelypteris dentata	(Forssk.) E.P. St. John
Thelypteridaceae	Thelypteris glandulosa	(Desv.) Proctor
Thelypteridaceae	Thelypteris minor	(C. Chr.) A.R. Sm.
Thelypteridaceae	Thelypteris nicaraguensis	(E. Fourn.) C.V. Morton
Trigoniaceae	Trigonia rugosa	Benth.
Tropaeolaceae	Tropaeolum moritzianum	Klotzsch
Ulmaceae	Ampelocera hottlei	(Standl.) Standl.
Urticaceae	Boehmeria pavonii	Wedd.
Urticaceae	Coussapoa ovalifolia	Trécul
Urticaceae	Coussapoa purpusii	Standl.
Urticaceae	Myriocarpa cordifolia	Liebm.
Urticaceae	Pilea mexicana	Wedd.
Urticaceae	Pilea vulcanica	Liebm.
Urticaceae	Pourouma guianensis	NA
Urticaceae	Urera elata	(Sw.) Griseb.
Verbenaceae	Citharexylum guatemalense	(Moldenke) D.N. Gibson
Verbenaceae	Citharexylum spinosum	L.
Violaceae	Hybanthus guanacastensis	Standl.
Violaceae	Leonia cymosa	Mart.
Violaceae	Paypayrola grandiflora	Tul.
Violaceae	Paypayrola guianensis	Aubl.
Violaceae	Rinorea ovalifolia	(Britton) S.F. Blake
Vochysiaceae	Qualea paraensis	Ducke
Xanthorrhoeaceae	Hemerocallis fulva	(L.) L.
Zamiaceae	Zamia roezlii	Linden
Zingiberaceae	Hedychium coronarium	J. Koenig
Zingiberaceae	Zingiber zerumbet	(L.) Roscoe ex Sm.
