taxon_code,gbif_accepted_taxon_id,gbif_accepted_scientific_name,habit
Abuta racemosa-ABUTRA-ABUR,7349979,Abuta racemosa,Climbing
Adelobotrys adscendens-ADELAD-ADE1,3860874,Adelobotrys adscendens,Climbing
Adelphia hiraea-MASCHI-MASH,5635040,Adelphia hiraea,Climbing
Adenocalymma arthropetiolatum-ADE3AR,4092999,Adenocalymma arthropetiolatum,Climbing
Aegiphila cephalophora-AEGICE-AEGC,3893257,Aegiphila cephalophora,Climbing
Aegiphila deppeana-AEGIDE,3892963,Aegiphila deppeana,Climbing
Aegiphila elata-AEGIEL-AEGE,2925469,Aegiphila elata,Climbing
Allamanda cathartica-ALLACA-ALLC,3169836,Allamanda cathartica,Climbing
Amphilophium crucigerum-AMP3CR-PITC,4931838,Amphilophium crucigerum,Climbing
Amphilophium paniculatum-AMP3PA-AMPP,3172589,Amphilophium paniculatum,Climbing
Ancistrotropis peduncularis-VIGNPE-PHA1,7484829,Ancistrotropis peduncularis,Climbing
Anemopaegma chrysoleucum-ANEMC1,4093499,Anemopaegma chrysoleucum,Climbing
Aniseia luxurians-ISEILU-ISEL,9730688,Aniseia luxurians,Climbing
Aniseia martinicensis-ANISMA,2928410,Aniseia martinicensis,Climbing
Anthodon panamense-ANT2PA-ANTP,5579479,Anthodon decussatum,Climbing
Aristolochia cordiflora-ARISCO,3589029,Aristolochia cordiflora,Climbing
Aristolochia maxima-ARISMA-ARIM,2873997,Aristolochia maxima,Climbing
Aristolochia pfeiferi-ARISPF,3588463,Aristolochia tonduzii,Climbing
Aristolochia pilosa-ARISPI-ARIP,7313612,Aristolochia pilosa,Climbing
Aristolochia tonduzii-ARISTO-ARIC,3588463,Aristolochia tonduzii,Climbing
Bignonia aequinoctialis-CYDIAE-CYDA,3172559,Bignonia aequinoctialis,Climbing
Bignonia binata-CLYTBI-CLYB,4094291,Bignonia binata,Climbing
Bignonia corymbosa-PHRYCO-PHRC,6710599,Bignonia corymbosa,Climbing
Blakea parasitica-TOPOPA-TOPP,5600218,Blakea parasitica,Climbing
Bonamia trichantha-BONATR-BONT,7324476,Bonamia trichantha,Climbing
Bronwenia wurdackii-BANIWU,3984163,Bronwenia wurdackii,Climbing
Callichlamys latifolia-CAL5LA-CAL1,8338389,Callichlamys latifolia,Climbing
Calopogonium caeruleum,7661174,Calopogonium caeruleum,Climbing
Calopogonium mucunoides-CAL6MU,2959433,Calopogonium mucunoides,Climbing
Canavalia brasiliensis-CAL2BR-CAND,2962154,Canavalia brasiliensis,Climbing
Cayaponia glandulosa-CAYAGL,3623745,Cayaponia glandulosa,Climbing
Cayaponia granatensis-CAYAGR-CAYG,3623677,Cayaponia granatensis,Climbing
Cayaponia racemosa-CAYARA-CAYR,2874614,Cayaponia racemosa,Climbing
Cayaponia sessiliflora-CAYASE,3622786,Cayaponia sessiliflora,Climbing
Celtis iguanaea-CELTIG-CELI,2984498,Celtis iguanaea,Climbing
Centrosema pubescens-CEN2PU-CENP,2964904,Centrosema pubescens,Climbing
Chiococca belizensis-CHI2BE,2907391,Chiococca belizensis,Climbing
Chomelia psilocarpa-CHOMPS-CHOP,5337286,Chomelia psilocarpa,Climbing
Chondrodendron tomentosum-CHONTO-CHOT,3033958,Chondrodendron tomentosum,Climbing
Cissampelos pareira-CIS1PA,3033937,Cissampelos pareira,Climbing
Cissampelos tropaeolifolia-CIS1TR-CIST,7268762,Cissampelos tropaeolifolia,Climbing
Cissus alata-CISSAL-CISR,7760485,Cissus alata,Climbing
Cissus erosa-CISSER-CISE,3039162,Cissus erosa,Climbing
Cissus fuliginea-CISSFU-CISP,4054108,Cissus fuliginea,Climbing
Cissus microcarpa-CISSMI-CISM,4055001,Cissus microcarpa,Climbing
Cissus verticillata-CISSVE-CISS,3039173,Cissus verticillata,Climbing
Clitoria falcata,2946543,Clitoria falcata,Climbing
Clitoria javitensis-CLITJA-CLIJ,2946500,Clitoria javitensis,Climbing
Cnestidium rufescens-CNESRU-CNER,3687051,Cnestidium rufescens,Climbing
Coccoloba excelsa-COCCEX-COCP,7291174,Coccoloba excelsa,Climbing
Combretum cacoucia-COMBCA-COMC,8396259,Combretum cacoucia,Climbing
Combretum decandrum-COMBDE-COMD,3699211,Combretum decandrum,Climbing
Combretum fruticosum-COMBFR-COMF,3698513,Combretum fruticosum,Climbing
Combretum laxum-COMBLA-COML,7908521,Combretum laxum,Climbing
Connarus panamensis-CONNPA-CONP,7999411,Connarus panamensis,Climbing
Connarus turczaninowii-CONNTU-CONT,3686802,Connarus turczaninowii,Climbing
Connarus williamsii-CONNWI,7326580,Connarus williamsii,Climbing
Critonia billbergiana-CRITBI,5385754,Critonia billbergiana,Climbing
Cucumis melo-CUC1ME,2874570,Cucumis melo,Climbing
Cuervea kappleriana-CUERKA-CUEK,3792999,Cuervea kappleriana,Climbing
Cymbosema roseum-CYMBRO-CYMR,2944792,Cymbosema roseum,Climbing
Cynanchum peraffine-CYNACU-CYNC,3170388,Cynanchum peraffine,Climbing
Dalechampia cissifolia-DALECI-DALC,3055812,Dalechampia cissifolia,Climbing
Dalechampia dioscoreifolia-DALEDI-DALD,3055843,Dalechampia dioscoreifolia,Climbing
Dalechampia tiliifolia-DALETI,3055740,Dalechampia tiliifolia,Climbing
Davilla kunthii-DAVIKU,5681074,Davilla kunthii,Climbing
Davilla nitida-DAVINI-DAVN,5680944,Davilla nitida,Climbing
Desmoncus myriacanthos-DES1OR-DESI,2738781,Desmoncus myriacanthos,Climbing
Dioclea guianensis-DIOCGU-DIOG,5359611,Dioclea guianensis,Climbing
Dioscorea alata-DIO1AL-DIO1,2754476,Dioscorea alata,Climbing
Dioscorea haenkeana-DIO1HA-DIOH,2754761,Dioscorea haenkeana,Climbing
Dioscorea hondurensis-DIO1HO,2755391,Dioscorea hondurensis,Climbing
Dioscorea mexicana-DIO1ME,2754517,Dioscorea mexicana,Climbing
Dioscorea polygonoides-DIO1PO-DIOP,2754948,Dioscorea polygonoides,Climbing
Dioscorea trifida-DIO1TR,2755239,Dioscorea trifida,Climbing
Dioscorea urophylla-DIO1UR-DIOU,2755057,Dioscorea urophylla,Climbing
Disciphania ernstii-DES1ER,7268790,Disciphania ernstii,Climbing
Dolichandra unguis-cati-MACFUN-MACU,5830619,Dolichandra unguis-cati,Climbing
Doliocarpus dentatus-DOLIDE-DOLD,7303933,Doliocarpus dentatus,Climbing
Doliocarpus major-DOLIMA-DOL1,3083498,Doliocarpus major,Climbing
Doliocarpus multiflorus-DOLIMU-DOL2,4163413,Doliocarpus multiflorus,Climbing
Doliocarpus olivaceus-DOLIOL-DOLO,7694190,Doliocarpus olivaceus,Climbing
Drymonia serrulata-DRYMSE-DRSE,5590493,Drymonia serrulata,Climbing
Entada gigas-ENTAGI-ENTM,2976183,Entada gigas,Climbing
Entada polystachya-ENTAPO-ADEP,2976206,Entada polystachya,Climbing
Fevillea cordifolia-FEVICO-FEVC,2874555,Fevillea cordifolia,Climbing
Fischeria billbergiana-FISCBI-FISB,8235491,Fischeria billbergiana,Climbing
Forsteronia acouci-FORSAC-FORV,3618404,Forsteronia acouci,Climbing
Forsteronia myriantha-FORSMY-FORM,3617628,Forsteronia myriantha,Climbing
Fridericia candicans-ARRACA-ARR1,8032537,Fridericia candicans,Climbing
Fridericia chica-ARRACH-ARR2,7669080,Fridericia chica,Climbing
Fridericia florida-ARRAFL-ARRF,7423177,Fridericia florida,Climbing
Fridericia patellifera-ARRAPA-ARRP,8375350,Fridericia patellifera,Climbing
Fridericia schumanniana-ARRAVE-ARRV,7930324,Fridericia schumanniana,Climbing
Funastrum clausum-FUNACL,3170223,Funastrum clausum,Climbing
Gonolobus albomarginatus-GON1AL-GONA,3572413,Gonolobus albomarginatus,Climbing
Gonolobus inaequalis-GON1IN,3582509,Gonolobus inaequalis,Climbing
Gouania colombiana-GOUACO-GOUC,5603088,Gouania colombiana,Climbing
Gouania lupuloides-GOUALU-GOUL,5372440,Gouania lupuloides,Climbing
Gouania polygama-GOUAPO-GOUP,5372439,Gouania polygama,Climbing
Gurania bignoniacea-GURACO-GURC,3624043,Gurania bignoniacea,Climbing
Gurania makoyana-GURAMA-GUR1,3623306,Gurania makoyana,Climbing
Gurania tubulosa-GURATU-GUR2,3622595,Gurania tubulosa,Climbing
Hawkesiophyton ulei-MARKUL-MARU,3803090,Hawkesiophyton ulei,Climbing
Heliotropium angustiflorum-TOURAN-TOUA,10931974,Heliotropium angustiflorum,Climbing
Heliotropium verdcourtii-TOURHI-TOUH,4060815,Heliotropium verdcourtii,Climbing
Heterocondylus vitalbae-HET1VI,3142668,Heterocondylus vitalbae,Climbing
Heteropterys laurifolia-HETELA-HETL,3191295,Heteropterys laurifolia,Climbing
Heteropterys panamensis-HETEPA-HETP,3982625,Heteropterys panamensis,Climbing
Hippocratea volubilis-HIP2VO-HIPV,3169012,Hippocratea volubilis,Climbing
Hiraea faginea-HIRAFA-HIRF,3191289,Hiraea faginea,Climbing
Hiraea grandifolia-HIRAGR-HIRG,7285406,Hiraea grandifolia,Climbing
Hiraea reclinata-HIRARE-HIR1,3983773,Hiraea reclinata,Climbing
Hiraea smilacina-HIRASM-HIRQ,3984686,Hiraea smilacina,Climbing
Hylenaea praecelsa-HYLEPR-HYLP,3793660,Hylenaea praecelsa,Climbing
Ipomoea anisomeres-IPOMAN,7324178,Ipomoea anisomeres,Climbing
Ipomoea batatas-IPOMBA,2928551,Ipomoea batatas,Climbing
Ipomoea philomega-IPOMPH-IPOP,7926928,Ipomoea philomega,Climbing
Ipomoea quamoclit-IPOMQU,2928562,Ipomoea quamoclit,Climbing
Ipomoea squamosa-IPOMSQ-IPOS,4927163,Ipomoea squamosa,Climbing
Ipomoea tiliacea-IPOMTI-IPOT,2928552,Ipomoea tiliacea,Climbing
Justicia graciliflora-JUSTGR-JUSG,3779183,Justicia graciliflora,Climbing
Machaerium floribundum-MACHFL-MACF,5354927,Machaerium floribundum,Climbing
Machaerium isadelphum-MACHMI-MAC1,7932857,Machaerium isadelphum,Climbing
Machaerium kegelii-MACHKE-MACK,5355165,Machaerium kegelii,Climbing
Machaerium milleflorum-MACHM2-MAC2,5355082,Machaerium milleflorum,Climbing
Machaerium salvadorense-MACHSA,5354919,Machaerium salvadorense,Climbing
Machaerium seemannii-MACHSE-MACS,5355162,Machaerium seemannii,Climbing
Macropsychanthus comosus-DIOCRE-DIOR,10954319,Macropsychanthus comosus,Climbing
Macropsychanthus wilsonii-DIOCWI-DIOW,10990808,Macropsychanthus wilsonii,Climbing
Macroscepis hirsuta-MATEHI,3579340,Macroscepis hirsuta,Climbing
Mandevilla villosa-MANDVI-MANV,3615169,Mandevilla villosa,Climbing
Mansoa hymenaea-MANSHY,4094496,Mansoa hymenaea,Climbing
Marcgravia nepenthoides-MARCNE-MAR3,5614666,Marcgravia nepenthoides,Climbing
Maripa nicaraguensis-MARINI,5549225,Maripa nicaraguensis,Climbing
Maripa panamensis-MARIPA-MARP,5549221,Maripa panamensis,Climbing
Martinella obovata-MARTOB-MARO,5415078,Martinella obovata,Climbing
Mascagnia divaricata-MAS2DI,3983715,Mascagnia divaricata,Climbing
Mascagnia ovatifolia-MAS2OV-MASN,7285093,Mascagnia ovatifolia,Climbing
Matelea denticulata-MATEDE,9858523,Chloropetalum denticulatum,Climbing
Matelea pinguifolia-MATEP1,3570864,Matelea pinguifolia,Climbing
Melothria pendula-MELOPE-MELP,2874550,Melothria pendula,Climbing
Melothria trilobata-MELOTR-MELT,7317621,Melothria trilobata,Climbing
Mendoncia costaricana-MENDGR-MENG,3772633,Mendoncia costaricana,Climbing
Mendoncia retusa-MENDRE,3771888,Mendoncia retusa,Climbing
Merremia umbellata-MERRUM,9452352,Camonea umbellata,Climbing
Mesechites trifidus-MESETR-MEST,7317257,Mesechites trifidus,Climbing
Mikania leiostachya-MIKALE-MIKL,5398756,Mikania leiostachya,Climbing
Mikania micrantha-MIKAMI-MIKM,5398421,Mikania micrantha,Climbing
Mikania psilostachya-MIKAPS,5398527,Mikania psilostachya,Climbing
Mikania tonduzii-MIKATO-MIKT,5398391,Mikania tonduzii,Climbing
Momordica charantia-MEMOCH-MOMC,2874581,Momordica charantia,Climbing
Mucuna mutisiana-MUCUMU-MUCM,2951409,Mucuna mutisiana,Climbing
Mucuna rostrata-MUCURO,2951411,Mucuna rostrata,Climbing
Odontadenia puncticulosa-ODO1PU-ODOP,3616386,Odontadenia puncticulosa,Climbing
Odontadenia semidigyna-ODO1MA-ODOM,10525151,Odontadenia semidigyna,Climbing
Odontocarya tamoides-ODO2TA-ODO1,7268771,Odontocarya tamoides,Climbing
Odontocarya truncata-ODO2TR-ODO2,3830257,Odontocarya truncata,Climbing
Omphalea diandra-OMPHDI-OMPD,3062246,Omphalea diandra,Climbing
Pachyptera kerere-MANSKE-PACK,4094079,Pachyptera kerere,Climbing
Passiflora ambigua-PASSAM-PAS1,7849294,Passiflora ambigua,Climbing
Passiflora auriculata-PASSAU-PAS2,3587589,Passiflora auriculata,Climbing
Passiflora biflora-PASSBI-PASB,2874204,Passiflora biflora,Climbing
Passiflora foetida-PASSFO-PASF,2874211,Passiflora foetida,Climbing
Passiflora megacoriacea-PASSME,9027381,Passiflora megacoriacea,Climbing
Passiflora menispermifolia-PASSM3,7313428,Passiflora menispermifolia,Climbing
Passiflora misera-PASSMI,3587005,Passiflora misera,Climbing
Passiflora nitida-PASSNI-PASN,3587301,Passiflora nitida,Climbing
Passiflora platyloba-PASSPL,7313348,Passiflora platyloba,Climbing
Passiflora seemannii-PASSSE-PASS,3586863,Passiflora seemannii,Climbing
Passiflora vitifolia-PASSVI-PASV,2874186,Passiflora vitifolia,Climbing
Paullinia allenii-PAULA1,3785536,Paullinia allenii,Climbing
Paullinia baileyi-PAULBA-PAU1,3785356,Paullinia baileyi,Climbing
Paullinia bracteosa-PAULBR-PAU2,3785232,Paullinia bracteosa,Climbing
Paullinia fuscescens-PAU3,3189951,Paullinia fuscescens,Climbing
Paullinia glomerulosa-PAULG2-PAU4,3784333,Paullinia glomerulosa,Climbing
Paullinia pinnata-PAULPI-PAU5,3189950,Paullinia pinnata,Climbing
Paullinia pterocarpa-PAULPT-PAU6,3787941,Paullinia pterocarpa,Climbing
Paullinia rugosa-PAULRU-PAUR,3787746,Paullinia rugosa,Climbing
Paullinia turbacensis-PAULTU-PAUT,3787116,Paullinia turbacensis,Climbing
Petrea volubilis-PETRAS-PETA,2925536,Petrea volubilis,Climbing
Pinochia peninsularis-FORSPE-FORP,3616996,Pinochia peninsularis,Climbing
Piper multiplinervium-PIPEMU,4191505,Piper multiplinervium,Climbing
Pisonia aculeata-PISOAC-PISA,3086260,Pisonia aculeata,Climbing
Pleonotoma variabilis-PLEOVA-PLEV,7298647,Pleonotoma variabilis,Climbing
Prestonia ipomaeifolia-PRE2IP-PREI,5536522,Prestonia ipomaeifolia,Climbing
Prestonia lenticellata-PRE2LE,5536478,Prestonia lenticellata,Climbing
Prestonia mexicana-PRE2ME,5536413,Prestonia mexicana,Climbing
Prestonia portobellensis-PRE2PO-PREP,5536313,Prestonia portobellensis,Climbing
Prestonia quinquangularis-PRE2AC,5414415,Prestonia quinquangularis,Climbing
Prestonia seemannii-PRE2SE,5536242,Prestonia seemannii,Climbing
Prestonia trifida-PRE2OB-PREO,5536196,Prestonia trifida,Climbing
Prionostemma aspera-PRI1AS-PRIA,5579703,Prionostemma aspera,Climbing
Psiguria warscewiczii-PSIGWA-PSIW,3624367,Psiguria warscewiczii,Climbing
Rhabdadenia biflora-RHABBI-RHAB,7981652,Rhabdadenia biflora,Climbing
Rhynchosia erythrinoides-RHYNER,5350991,Rhynchosia erythrinoides,Climbing
Rhynchosia pyramidalis-RHYNPY-RHYP,5350702,Rhynchosia pyramidalis,Climbing
Rourea adenophora-ROURAD,3686515,Rourea adenophora,Climbing
Rourea glabra-ROURGL-ROUG,7326575,Rourea glabra,Climbing
Ruehssia crassipes-MARSCR-MARC,11887412,Ruehssia crassipes,Climbing
Sabicea villosa-SABIVI-SABV,2900221,Sabicea villosa,Climbing
Schnella guianensis-BAUHGU-BAUG,4929144,Schnella guianensis,Climbing
Schnella reflexa-BAUHRE-BAUR,8193417,Schnella reflexa,Climbing
Securidaca diversifolia-SECUDI-SECD,5421445,Securidaca diversifolia,Climbing
Securidaca sylvestris-SECUDY,5658080,Securidaca sylvestris,Climbing
Senegalia hayesii-ACACHA-ACAH,2981234,Senegalia hayesii,Climbing
Senegalia tenuifolia-SEN1TE,2979126,Senegalia tenuifolia,Climbing
Senna undulata-SENNUN-SENU,2957590,Senna undulata,Climbing
Serjania atrolineata-SERJAT-SERA,7265058,Serjania atrolineata,Climbing
Serjania circumvallata-SERJCI-SER1,5577883,Serjania circumvallata,Climbing
Serjania cornigera-SERJCO-SER2,5577803,Serjania cornigera,Climbing
Serjania membranacea-SERJM1,5577189,Serjania membranacea,Climbing
Serjania mexicana-SERJME-SERM,7705119,Serjania mexicana,Climbing
Serjania paucidentata-SERJPA-SER3,8005307,Serjania paucidentata,Climbing
Serjania pluvialiflorens-SERJPL-SER4,5577189,Serjania membranacea,Climbing
Serjania pyramidata-SERJPY-SERD,5576920,Serjania pyramidata,Climbing
Serjania trachygona-SERJTR-SERT,5576677,Serjania trachygona,Climbing
Sicydium schiedeanum-SISYCO-SICC,5537212,Sicydium schiedeanum,Climbing
Smilax domingensis-SMILDO-SMID,5295279,Smilax domingensis,Climbing
Smilax mollis-SMILMO-SMIM,5295233,Smilax mollis,Climbing
Smilax purhampuy-SMILFE-SMIP,5295631,Smilax purhampuy,Climbing
Smilax spinosa-SMILS1-SMI1,5295334,Smilax spinosa,Climbing
Smilax spissa-SMILS2-SMI2,5295259,Smilax spissa,Climbing
Smilax subpubescens-SMILSU-SMIS,5295137,Smilax subpubescens,Climbing
Solanum aturense-SOLAAT,2929121,Solanum aturense,Climbing
Solanum lanceifolium-SOL5,2929009,Solanum lanceifolium,Climbing
Souroubea sympetala-SOURSY-SOUS,3916170,Souroubea sympetala,Climbing
Stictocardia tiliifolia-STICTI,3677765,Stictocardia tiliifolia,Climbing
Stigmaphyllon ellipticum-STIGEL-STIE,7285222,Stigmaphyllon ellipticum,Climbing
Stigmaphyllon hypargyreum-STIGHY-STIH,3983566,Stigmaphyllon hypargyreum,Climbing
Stigmaphyllon lindenianum-STIGLI-STIL,7285160,Stigmaphyllon lindenianum,Climbing
Stigmaphyllon puberum-STIGPU-STIP,3191311,Stigmaphyllon puberum,Climbing
Stizophyllum inaequilaterum-STIZIN-STII,4091727,Stizophyllum inaequilaterum,Climbing
Stizophyllum riparium-STIZRI-STIR,4091599,Stizophyllum riparium,Climbing
Strychnos brachistantha-STRYBR-STRB,5645729,Strychnos brachistantha,Climbing
Strychnos darienensis-STRYDA-STRD,5645381,Strychnos darienensis,Climbing
Strychnos panamensis-STRYPA-STRP,7289427,Strychnos panamensis,Climbing
Strychnos toxifera-STRYTO-STRT,5414401,Strychnos toxifera,Climbing
Tanaecium pyramidatum-PAR3PY-PARP,7933875,Tanaecium pyramidatum,Climbing
Tanaecium tetragonolobum-CERATE-CERT,8323761,Tanaecium tetragonolobum,Climbing
Tassadia obovata-CYNARE-CYNR,3571251,Tassadia obovata,Climbing
Teramnus uncinatus-TERAUN,2951909,Teramnus uncinatus,Climbing
Teramnus volubilis-TERAVO,2951939,Teramnus volubilis,Climbing
Tetracera hydrophila-TET1HY-TETH,5681356,Tetracera hydrophila,Climbing
Tetracera portobellensis-TET1PO-TET1,5681043,Tetracera portobellensis,Climbing
Tetracera volubilis-TET1VO-TETV,8420425,Tetracera volubilis,Climbing
Tetracera willdenowiana-TET1WI,7303983,Tetracera willdenowiana,Climbing
Tetrapterys discolor-TET3DI-TETD,7285556,Tetrapterys discolor,Climbing
Tetrapterys goudotiana-TET3GO,8372713,Tetrapterys goudotiana,Climbing
Tetrapterys seemannii-TET3SE-TETS,3984668,Tetrapterys seemannii,Climbing
Thinouia myriantha-THINMY-THIM,3787794,Thinouia myriantha,Climbing
Tilesia baccata-WULFBA-WULB,5400111,Tilesia baccata,Climbing
Tontelea passiflora-TONTOV-TONO,7946419,Tontelea passiflora,Climbing
Tournefortia bicolor-TOURBI-TOUB,4060815,Heliotropium verdcourtii,Climbing
Tournefortia cuspidata-TOURCU-TOUC,11059361,Heliotropium cuspidatum,Climbing
Trigonia rugosa-TRIGRU-TRIF,5687666,Trigonia rugosa,Climbing
Tynanthus croatianus-TYNNCR-TYNC,4093245,Tynanthus croatianus,Climbing
Uncaria tomentosa-UNCATO-UNCT,5338267,Uncaria tomentosa,Climbing
Vailia anomala-BLEPMU-BLEM,9763251,Vailia anomala,Climbing
Vigna longifolia-VIGNLO,2982679,Vigna longifolia,Climbing
Vigna vexillata-VIGNVE-VIGV,2982409,Vigna vexillata,Climbing
Vitis tiliifolia-VITITI-VITT,5372391,Vitis tiliifolia,Climbing
Xylophragma seemanniana-XYL3SE,4092456,Xylophragma seemanniana,Climbing
Abrus,2943776,Abrus,
Abuta,7268654,Abuta,
Acacia,2978223,Acacia,
Acaciella,6627713,Acaciella,
Acalypha,3055964,Acalypha,
Acanthaceae,2393,Acanthaceae,
Acanthocladus,7293501,Acanthocladus,
Achariaceae,3231308,Achariaceae,
Acrocomia,2739147,Acrocomia,
Actinidiaceae,2385,Actinidiaceae,
Actinostemon,8265757,Actinostemon,
Adelia,3072378,Adelia,
Adelobotrys,3860441,Adelobotrys,
Adelphia,3231255,Adelphia,
Adenanthera,2951839,Adenanthera,
Adenaria,7286104,Adenaria,
Adenocalymma,10767005,Adenocalymma,
Adenophaedra,3061263,Adenophaedra,
Adonidia,2738433,Adonidia,
Aegiphila,9156446,Aegiphila,
Agonandra,8219051,Agonandra,
Agouticarpa,2898476,Agouticarpa,
Aiouea,3034063,Aiouea,
Aiphanes,2738638,Aiphanes,
Albizia,2972897,Albizia,
Alchornea,3055345,Alchornea,
Alchorneopsis,7410955,Alchorneopsis,
Alfaroa,7310533,Alfaroa,
Alibertia,2896652,Alibertia,
Allamanda,3169834,Allamanda,
Allomarkgrafia,7316765,Allomarkgrafia,
Allophylus,3189992,Allophylus,
Alnus,2876099,Alnus,
Alseis,2894134,Alseis,
Alstonia,8412045,Alstonia,
Alzatea,3188751,Alzatea,
Alzateaceae,5909,Alzateaceae,
Amaioua,2901120,Amaioua,
Amanoa,3080039,Amanoa,
Ampelocera,7303603,Ampelocera,
Ampelocissus,7293766,Ampelocissus,
Amphilophium,3172588,Amphilophium,
Amphirrhox,7296364,Amphirrhox,
Amphitecna,3172582,Amphitecna,
Amyris,3190177,Amyris,
Anacardiaceae,2398,Anacardiaceae,
Anacardium,5421367,Anacardium,
Anaxagorea,8275519,Anaxagorea,
Ancistrotropis,8264243,Ancistrotropis,
Andesanthus,10783250,Andesanthus,
Andira,7858091,Andira,
Anechites,3169616,Anechites,
Anemopaegma,3172463,Anemopaegma,
Angostura,7911749,Angostura,
Aniba,3034086,Aniba,
Aniseia,2928409,Aniseia,
Annona,3155252,Annona,
Annonaceae,9291,Annonaceae,
Anomospermum,3234330,Anomospermum,
Anthodiscus,3231310,Anthodiscus,
Anthodon,3231386,Anthodon,
Anthopterus,7328432,Anthopterus,
Aparisthmium,3072467,Aparisthmium,
Apeiba,3152049,Apeiba,
Aphelandra,3173228,Aphelandra,
Apocynaceae,6701,Apocynaceae,
Appunia,7271094,Appunia,
Aquifoliaceae,6716,Aquifoliaceae,
Araceae,6979,Araceae,
Arachnothryx,2917940,Arachnothryx,
Aralia,3036858,Aralia,
Araliaceae,8800,Araliaceae,
Araucaria,2684910,Araucaria,
Araucariaceae,3924,Araucariaceae,
Arawakia,10036167,Arawakia,
Ardisia,3169458,Ardisia,
Arecaceae,7681,Arecaceae,
Argyreia,2928690,Argyreia,
Aristolochia,2873978,Aristolochia,
Aristolochiaceae,3066,Aristolochiaceae,
Artocarpus,2984563,Artocarpus,
Aspidosperma,7316607,Aspidosperma,
Asteraceae,3065,Asteraceae,
Asterogyne,2732597,Asterogyne,
Astrocaryum,2738048,Astrocaryum,
Astronium,7321564,Astronium,
Ateleia,7832695,Ateleia,
Attalea,2732664,Attalea,
Averrhoa,9407103,Averrhoa,
Avicennia,2925398,Avicennia,
Axinaea,3231522,Axinaea,
Ayenia,3152178,Ayenia,
Azadirachta,3190473,Azadirachta,
Bactris,2732906,Bactris,
Balizia,9596304,Balizia,
Banara,2874154,Banara,
Banisteriopsis,7618041,Banisteriopsis,
Barnebydendron,7278343,Barnebydendron,
Batocarpus,6358620,Batocarpus,
Bauhinia,2952935,Bauhinia,
Beilschmiedia,3034072,Beilschmiedia,
Bejaria,2882719,Bejaria,
Bellucia,3866386,Bellucia,
Bernoullia,6598522,Bernoullia,
Bertiera,8303739,Bertiera,
Besleria,6365035,Besleria,
Betulaceae,4688,Betulaceae,
Bia,8259860,Bia,
Bidens,3105856,Bidens,
Bignonia,3172515,Bignonia,
Bignoniaceae,6655,Bignoniaceae,
Billia,7323128,Billia,
Bixa,2874862,Bixa,
Bixaceae,6637,Bixaceae,
Blakea,3231475,Blakea,
Blepharodon,7312650,Blepharodon,
Blighia,3189954,Blighia,
Bocconia,2888373,Bocconia,
Boehmeria,2984344,Boehmeria,
Bonamia,9766793,Bonamia,
Bonellia,8100196,Bonellia,
Boraginaceae,2498,Boraginaceae,
Bourreria,2926097,Bourreria,
Brachistus,7299796,Brachistus,
Bravaisia,7264177,Bravaisia,
Bribria,10977818,Bribria,
Bronwenia,7285159,Bronwenia,
Brosimum,2984656,Brosimum,
Brownea,2970433,Brownea,
Browneopsis,2944236,Browneopsis,
Bruceholstia,11609897,Bruceholstia,
Brugmansia,2928883,Brugmansia,
Brunellia,2986074,Brunellia,
Brunelliaceae,6670,Brunelliaceae,
Brunfelsia,2932910,Brunfelsia,
Buddleja,3173330,Buddleja,
Bunchosia,7404976,Bunchosia,
Bursera,3190446,Bursera,
Burseraceae,6659,Burseraceae,
Buxaceae,6703,Buxaceae,
Buxus,2984666,Buxus,
Byrsonima,3191347,Byrsonima,
Byttneria,7445609,Byttneria,
Cactaceae,2519,Cactaceae,
Caesalpinia,2958443,Caesalpinia,
Cajanus,2960263,Cajanus,
Calatola,7314407,Calatola,
Calliandra,2981784,Calliandra,
Callianthe,8207961,Callianthe,
Callicarpa,2925549,Callicarpa,
Callichlamys,3233574,Callichlamys,
Calophyllaceae,4907584,Calophyllaceae,
Calophyllum,3189443,Calophyllum,
Calopogonium,2959416,Calopogonium,
Calycolpus,3177606,Calycolpus,
Calycophyllum,2903995,Calycophyllum,
Calyptrion,7720745,Calyptrion,
Calyptrogyne,2732316,Calyptrogyne,
Camonea,9637520,Camonea,
Campanulaceae,8801,Campanulaceae,
Campnosperma,7160813,Campnosperma,
Cananga,5407582,Cananga,
Canarium,3190431,Canarium,
Canavalia,8285917,Canavalia,
Cannabaceae,2384,Cannabaceae,
Caphexandra,8346879,Caphexandra,
Capparaceae,3111,Capparaceae,
Capparidastrum,6370671,Capparidastrum,
Carapa,3190512,Carapa,
Cardiopteridaceae,3233863,Cardiopteridaceae,
Carica,2874482,Carica,
Caricaceae,6636,Caricaceae,
Cariniana,3083017,Cariniana,
Carissa,3169761,Carissa,
Carolus,3231247,Carolus,
Carpotroche,7274050,Carpotroche,
Caryocar,3189661,Caryocar,
Caryocaraceae,6647,Caryocaraceae,
Caryodaphnopsis,7304487,Caryodaphnopsis,
Caryodendron,3055896,Caryodendron,
Caryota,2738880,Caryota,
Cascabela,7950372,Cascabela,
Casearia,2874105,Casearia,
Cassia,2963414,Cassia,
Castilla,2984557,Castilla,
Cavanillesia,7296146,Cavanillesia,
Cavendishia,3234119,Cavendishia,
Cayaponia,2874613,Cayaponia,
Cecropia,2984472,Cecropia,
Cedrela,3190510,Cedrela,
Ceiba,3152218,Ceiba,
Celastraceae,6715,Celastraceae,
Celtis,2984479,Celtis,
Cenostigma,2947114,Cenostigma,
Centrolobium,2945568,Centrolobium,
Centropogon,7815589,Centropogon,
Centrosema,2964887,Centrosema,
Cespedesia,7326758,Cespedesia,
Cestrum,2928784,Cestrum,
Chamaedorea,2734376,Chamaedorea,
Chamguava,3186024,Chamguava,
Cheiloclinium,7265392,Cheiloclinium,
Chimarrhis,2918950,Chimarrhis,
Chiococca,2907380,Chiococca,
Chionanthus,7906922,Chionanthus,
Chione,2908033,Chione,
Chloranthaceae,6679,Chloranthaceae,
Chloroleucon,2943030,Chloroleucon,
Chloropetalum,10252941,Chloropetalum,
Chomelia,2903121,Chomelia,
Chondrodendron,3033957,Chondrodendron,
Christianella,3231253,Christianella,
Chromolucuma,2883684,Chromolucuma,
Chrysobalanaceae,9111,Chrysobalanaceae,
Chrysobalanus,8241761,Chrysobalanus,
Chrysochlamys,3231115,Chrysochlamys,
Chrysophyllum,2885576,Chrysophyllum,
Cinnamomum,3033980,Cinnamomum,
Cionosicys,7317956,Cionosicys,
Cissampelos,3033936,Cissampelos,
Cissus,3039160,Cissus,
Citharexylum,7853269,Citharexylum,
Citronella,7314391,Citronella,
Citrullus,8257011,Citrullus,
Citrus,3190155,Citrus,
Clappertonia,3152037,Clappertonia,
Clarisia,3234568,Clarisia,
Clavija,7313189,Clavija,
Cleidion,3073726,Cleidion,
Clematis,3033512,Clematis,
Cleomaceae,3845332,Cleomaceae,
Cleome,3041500,Cleome,
Clethra,2888321,Clethra,
Clethraceae,6707,Clethraceae,
Cleyera,3189626,Cleyera,
Clitoria,2946499,Clitoria,
Clusia,3189424,Clusia,
Clusiaceae,6646,Clusiaceae,
Cnestidium,3686857,Cnestidium,
Cnestis,7326563,Cnestis,
Cnidoscolus,3073435,Cnidoscolus,
Coccoloba,2888822,Coccoloba,
Cochliasanthus,3975532,Cochliasanthus,
Cochlospermaceae,3702383,Cochlospermaceae,
Cochlospermum,2874864,Cochlospermum,
Cocos,2735116,Cocos,
Codiaeum,3071464,Codiaeum,
Coffea,2895315,Coffea,
Cojoba,2981327,Cojoba,
Colpothrinax,10715803,Colpothrinax,
Colubrina,3039524,Colubrina,
Comarostaphylis,2882662,Comarostaphylis,
Combretaceae,2431,Combretaceae,
Combretum,2986357,Combretum,
Compsoneura,3231414,Compsoneura,
Conceveiba,3074933,Conceveiba,
Conchocarpus,7268964,Conchocarpus,
Condaminea,2908490,Condaminea,
Connaraceae,6669,Connaraceae,
Connarus,3032531,Connarus,
Conocarpus,3189384,Conocarpus,
Convolvulaceae,2389,Convolvulaceae,
Copaifera,2978115,Copaifera,
Cordiaceae,4930453,Cordiaceae,
Cordiera,2903362,Cordiera,
Cornaceae,6713,Cornaceae,
Cornus,3082226,Cornus,
Cornutia,2925661,Cornutia,
Corymbia,3180424,Corymbia,
Corypha,2733599,Corypha,
Cosmibuena,2892977,Cosmibuena,
Couepia,2984768,Couepia,
Coulaceae,4928321,Coulaceae,
Couma,7316606,Couma,
Couratari,3083098,Couratari,
Couroupita,3082553,Couroupita,
Coussarea,2904739,Coussarea,
Coutarea,2893702,Coutarea,
Crateva,3054261,Crateva,
Cremastosperma,3154020,Cremastosperma,
Crescentia,3172552,Crescentia,
Critonia,3088655,Critonia,
Crossopetalum,3169149,Crossopetalum,
Croton,3057454,Croton,
Crudia,2974579,Crudia,
Cryosophila,2731923,Cryosophila,
Cryptocarya,3011993,Cryptocarya,
Cryptostegia,3170470,Cryptostegia,
Cuatresia,7299697,Cuatresia,
Cucumis,2874568,Cucumis,
Cucurbita,2874506,Cucurbita,
Cucurbitaceae,6634,Cucurbitaceae,
Cuervea,7265630,Cuervea,
Cunoniaceae,2405,Cunoniaceae,
Cupania,3189959,Cupania,
Curarea,7268729,Curarea,
Curatella,7304062,Curatella,
Cuscuta,2927479,Cuscuta,
Cuspidaria,3233545,Cuspidaria,
Cyathea,2650273,Cyathea,
Cyatheaceae,6624,Cyatheaceae,
Cybianthus,3169407,Cybianthus,
Cyclanthera,2874528,Cyclanthera,
Cymbopetalum,3157828,Cymbopetalum,
Cymbosema,7580269,Cymbosema,
Cynanchum,3170354,Cynanchum,
Cynometra,2966806,Cynometra,
Cynophalla,6370797,Cynophalla,
Cyrilla,2883102,Cyrilla,
Cyrillaceae,6706,Cyrillaceae,
Cyrtostachys,2735417,Cyrtostachys,
Dahlstedtia,2960229,Dahlstedtia,
Dalbergia,2968358,Dalbergia,
Dalechampia,3055556,Dalechampia,
Damburneya,7304488,Damburneya,
Daphnopsis,3188467,Daphnopsis,
Davilla,3234608,Davilla,
Delonix,2956165,Delonix,
Dendrobangia,7314371,Dendrobangia,
Dendropanax,3034954,Dendropanax,
Deppea,2904961,Deppea,
Desmoncus,2738753,Desmoncus,
Desmopsis,3158103,Desmopsis,
Dialium,2970932,Dialium,
Dichapetalaceae,3231311,Dichapetalaceae,
Dichapetalum,7309866,Dichapetalum,
Dicraspidia,3152033,Dicraspidia,
Dictyocaryum,2731987,Dictyocaryum,
Didonica,7328716,Didonica,
Didymopanax,6419087,Didymopanax,
Dilkea,7313332,Dilkea,
Dillenia,3083492,Dillenia,
Dilleniaceae,2511,Dilleniaceae,
Dilodendron,7265074,Dilodendron,
Dioclea,2974376,Dioclea,
Dioscorea,2754367,Dioscorea,
Dioscoreaceae,7694,Dioscoreaceae,
Diospyros,3030169,Diospyros,
Dipentodontaceae,4160293,Dipentodontaceae,
Diphysa,2965025,Diphysa,
Diplopterys,7284911,Diplopterys,
Diplotropis,2960676,Diplotropis,
Dipteryx,2947121,Dipteryx,
Disciphania,7268753,Disciphania,
Discophora,3234385,Discophora,
Disterigma,7718378,Disterigma,
Distimake,7324349,Distimake,
Ditrichanthus,9443652,Ditrichanthus,
Dodonaea,3190017,Dodonaea,
Dolichandra,6401165,Dolichandra,
Doliocarpus,3083497,Doliocarpus,
Drimys,3153974,Drimys,
Drymonia,3233484,Drymonia,
Duguetia,3157467,Duguetia,
Dussia,2968226,Dussia,
Dypsis,2735778,Dypsis,
Dystovomita,7329965,Dystovomita,
Ebenaceae,6709,Ebenaceae,
Ecclinusa,2887353,Ecclinusa,
Echites,3169766,Echites,
Ehretia,2911338,Ehretia,
Ehretiaceae,4923856,Ehretiaceae,
Elachyptera,3231377,Elachyptera,
Elaeagia,2918905,Elaeagia,
Elaeis,2731881,Elaeis,
Elaeocarpaceae,2435,Elaeocarpaceae,
Elaeodendron,7102792,Elaeodendron,
Elaeoluma,2886342,Elaeoluma,
Elvasia,7326782,Elvasia,
Endlicheria,7304104,Endlicheria,
Entada,2976182,Entada,
Enterolobium,2961142,Enterolobium,
Erblichia,7303760,Erblichia,
Eremosis,3141099,Eremosis,
Ericaceae,2505,Ericaceae,
Eriobotrya,3032335,Rhaphiolepis,
Erisma,3231629,Erisma,
Erythrina,2945830,Erythrina,
Erythropalaceae,4924615,Erythropalaceae,
Erythrophleum,7587179,Erythrophleum,
Erythroxylaceae,6686,Erythroxylaceae,
Escallonia,2986228,Escallonia,
Escalloniaceae,3234486,Escalloniaceae,
Eschweilera,3083183,Eschweilera,
Esenbeckia,3190391,Esenbeckia,
Eucalyptus,7493935,Eucalyptus,
Eumachia,2896907,Eumachia,
Euphorbia,11397237,Euphorbia,
Euphorbiaceae,4691,Euphorbiaceae,
Euterpe,7906352,Euterpe,
Fabaceae,5386,Fabaceae,
Fabaceae-Caesalpiniodeae,5386,Fabaceae,
Fabaceae-Mimosoideae,5386,Fabaceae,
Fabaceae-Papilionoideae,5386,Fabaceae,
Fagaceae,4689,Fagaceae,
Fairchildia,2953999,Fairchildia,
Faramea,2897889,Faramea,
Ferdinandusa,2907987,Ferdinandusa,
Fernandoa,7298663,Fernandoa,
Fevillea,2874554,Fevillea,
Ficus,2984588,Ficus,
Filicium,8172928,Filicium,
Fischeria,3230932,Fischeria,
Fissicalyx,2943739,Fissicalyx,
Flacourtia,2874157,Flacourtia,
Flemingia,2975927,Flemingia,
Forchhammeria,3054278,Forchhammeria,
Forestiera,3172377,Forestiera,
Forsteronia,8171331,Forsteronia,
Frangula,3039453,Frangula,
Frantzia,7317772,Frantzia,
Freylinia,7332497,Freylinia,
Freziera,7313766,Freziera,
Fridericia,3233562,Fridericia,
Fuchsia,5938221,Fuchsia,
Funastrum,3170214,Funastrum,
Fusispermum,7296394,Fusispermum,
Galactia,2983979,Galactia,
Galipea,3190389,Galipea,
Galphimia,3191269,Galphimia,
Garcia,3071457,Garcia,
Garcinia,3189556,Garcinia,
Garrya,3033006,Garrya,
Garryaceae,8805,Garryaceae,
Gaultheria,2882751,Gaultheria,
Geissanthus,7330862,Geissanthus,
Genipa,2895591,Genipa,
Gentianaceae,2503,Gentianaceae,
Gentlea,7330844,Gentlea,
Geonoma,2734029,Geonoma,
Gesneriaceae,6654,Gesneriaceae,
Gitara,3062858,Gitara,
Glicophyllum,11142520,Glicophyllum,
Gliricidia,2953982,Gliricidia,
Gloeospermum,7296352,Gloeospermum,
Gmelina,2925650,Gmelina,
Gnetaceae,6755,Gnetaceae,
Gnetum,2653091,Gnetum,
Godmania,3233552,Godmania,
Goethalsia,3233986,Goethalsia,
Gongrostylus,3117225,Gongrostylus,
Gonocalyx,10848545,Gonocalyx,
Gonolobus,3170204,Gonolobus,
Gonzalagunia,2896440,Gonzalagunia,
Gordonia,3189631,Gordonia,
Gossypium,3152652,Gossypium,
Gouania,3039434,Gouania,
Goupia,7340133,Goupia,
Goupiaceae,3760957,Goupiaceae,
Graffenrieda,7398997,Graffenrieda,
Grias,3082326,Grias,
Guapira,3086054,Guapira,
Guarea,3190499,Guarea,
Guatteria,3155604,Guatteria,
Guazuma,3152194,Guazuma,
Guettarda,2894616,Guettarda,
Guilandina,6376699,Guilandina,
Gurania,7317515,Gurania,
Gustavia,3082580,Gustavia,
Gyminda,3169174,Gyminda,
Gymnanthes,3061140,Gymnanthes,
Gyranthera,7296137,Gyranthera,
Gyrocarpus,7326412,Gyrocarpus,
Hamelia,2902033,Hamelia,
Hampea,7279598,Hampea,
Hanburia,3232077,Hanburia,
Handroanthus,6401269,Handroanthus,
Hasseltia,3231177,Hasseltia,
Hawkesiophyton,7300142,Hawkesiophyton,
Hedyosmum,3086513,Hedyosmum,
Heisteria,3232590,Heisteria,
Helicostylis,7262603,Helicostylis,
Helicteres,3152154,Helicteres,
Heliocarpus,3152062,Heliocarpus,
Heliotropiaceae,4930387,Heliotropiaceae,
Heliotropium,2925766,Heliotropium,
Henriettea,3188527,Henriettea,
Heptapleurum,7314503,Heptapleurum,
Hernandia,3034103,Hernandia,
Hernandiaceae,2495,Hernandiaceae,
Herrania,7322892,Herrania,
Heterocondylus,3115617,Heterocondylus,
Heteropsis,2867803,Heteropsis,
Heteropterys,3191290,Heteropterys,
Hevea,3071157,Hevea,
Hibiscus,3152542,Hibiscus,
Hidalgoa,5386393,Hidalgoa,
Hieronyma,7570851,Hieronyma,
Hillia,2916438,Hillia,
Himatanthus,7317357,Himatanthus,
Hippocratea,3169011,Hippocratea,
Hippomane,3063704,Hippomane,
Hippotis,2901965,Hippotis,
Hiraea,3191288,Hiraea,
Hirtella,2944960,Hirtella,
Homalium,2874142,Homalium,
Homalolepis,7329598,Homalolepis,
Hortia,3232932,Hortia,
Hoya,3170437,Hoya,
Humiriaceae,3231239,Humiriaceae,
Humiriastrum,7320138,Humiriastrum,
Hura,3071143,Hura,
Hybanthus,2874225,Hybanthus,
Hydrochorea,2977474,Hydrochorea,
Hylenaea,7265702,Hylenaea,
Hymenaea,2950720,Hymenaea,
Hymenandra,7331115,Hymenandra,
Hymenolobium,7783451,Hymenolobium,
Hymenopus,9714684,Hymenopus,
Hyospathe,2736704,Hyospathe,
Hyperbaena,8080696,Hyperbaena,
Hypericaceae,4900406,Hypericaceae,
Ibatia,7312697,Ibatia,
Icacinaceae,2513,Icacinaceae,
Ilex,10792217,Ilex,
Inga,2965936,Inga,
Iochroma,6402978,Iochroma,
Ipomoea,2928509,Ipomoea,
Iriartea,2739058,Iriartea,
Iryanthera,3743006,Iryanthera,
Isertia,2903511,Isertia,
Isotrema,7313702,Isotrema,
Ixora,2905224,Ixora,
Jacaranda,3172498,Jacaranda,
Jacaratia,7269679,Jacaratia,
Jacquemontia,2928487,Jacquemontia,
Jatropha,3072692,Jatropha,
Joosia,2901093,Joosia,
Jubelina,7285074,Jubelina,
Juglandaceae,2499,Juglandaceae,
Jungia,8400001,Jungia,
Jupunba,7266089,Jupunba,
Justicia,2904597,Justicia,
Karwinskia,3039522,Karwinskia,
Khaya,3190507,Khaya,
Kigelia,3172560,Kigelia,
Klarobelia,3157872,Klarobelia,
Kleinhovia,3152101,Kleinhovia,
Koanophyllon,3144909,Koanophyllon,
Lacistema,3075381,Lacistema,
Lacistemataceae,7524,Lacistemataceae,
Lacmellea,7316922,Lacmellea,
Lacunaria,3231148,Lacunaria,
Ladenbergia,2908647,Ladenbergia,
Laetia,8901623,Laetia,
Lafoensia,7286250,Lafoensia,
Lagenaria,2874671,Lagenaria,
Lagerstroemia,3188723,Lagerstroemia,
Laguncularia,3189381,Laguncularia,
Lamiaceae,2497,Lamiaceae,
Lauraceae,6688,Lauraceae,
Laxoplumeria,7316641,Laxoplumeria,
Lecointea,2965103,Lecointea,
Lecythidaceae,3990,Lecythidaceae,
Lecythis,3082348,Lecythis,
Lennea,3230467,Lennea,
Leonia,3231302,Leonia,
Lepidobotryaceae,3990272,Lepidobotryaceae,
Leptobalanus,9798427,Leptobalanus,
Leptolobium,5348610,Leptolobium,
Leptospron,7942633,Leptospron,
Leretia,3596539,Leretia,
Leucaena,2970337,Leucaena,
Leuenbergeria,8400827,Leuenbergeria,
Libidibia,6376506,Libidibia,
Licania,2985250,Licania,
Licaria,3033969,Licaria,
Licuala,7830622,Licuala,
Linaceae,2493,Linaceae,
Lindackeria,7274185,Lindackeria,
Lisianthius,3169882,Lisianthius,
Lisianthus,7270152,Lisianthus,
Litchi,3190001,Litchi,
Livistona,2733389,Livistona,
Loganiaceae,2502,Loganiaceae,
Lonchocarpus,2968975,Lonchocarpus,
Lozania,3075434,Lozania,
Luehea,3152076,Luehea,
Luffa,2874598,Luffa,
Lunania,2874167,Lunania,
Lundia,3233547,Lundia,
Lycianthes,2928971,Lycianthes,
Lycoseris,3093124,Lycoseris,
Lythraceae,6684,Lythraceae,
Mabea,3071743,Mabea,
Machaerium,2959589,Machaerium,
Machaonia,2907877,Machaonia,
Maclura,2984579,Maclura,
Macoubea,7317310,Macoubea,
Macrocnemum,2895624,Macrocnemum,
Macrohasseltia,7311101,Macrohasseltia,
Macrolobium,7743878,Macrolobium,
Macropharynx,3230967,Macropharynx,
Macropsychanthus,2974520,Macropsychanthus,
Macroptilium,2945015,Macroptilium,
Macroscepis,7312421,Macroscepis,
Magnolia,2888195,Magnolia,
Magnoliaceae,4690,Magnoliaceae,
Malmea,3154830,Malmea,
Malouetia,7317134,Malouetia,
Malpighia,3191274,Malpighia,
Malpighiaceae,6676,Malpighiaceae,
Malvaceae,6685,Malvaceae,
Malvaviscus,3152774,Malvaviscus,
Mammea,3189420,Mammea,
Mandevilla,3169658,Mandevilla,
Mangifera,3075453,Mangifera,
Manicaria,2735043,Manicaria,
Manihot,3060685,Manihot,
Manilkara,2885024,Manilkara,
Mansoa,3172602,Mansoa,
Mappia,3169093,Mappia,
Maprounea,3054655,Maprounea,
Maquira,7262473,Maquira,
Maranthes,2984709,Maranthes,
Marcgravia,3189414,Marcgravia,
Marcgraviaceae,6643,Marcgraviaceae,
Marcgraviastrum,7275888,Marcgraviastrum,
Margaritaria,8016408,Margaritaria,
Marila,3189554,Marila,
Maripa,3234444,Maripa,
Martinella,3172519,Martinella,
Mascagnia,7284941,Mascagnia,
Mascarenhasia,7316577,Mascarenhasia,
Matayba,3190011,Matayba,
Matelea,3170475,Matelea,
Matisia,7296118,Matisia,
Mauria,3233141,Mauria,
Mayna,7274118,Mayna,
Maytenus,3169095,Maytenus,
Melanopsidium,2906340,Melanopsidium,
Melastomataceae,6683,Melastomataceae,
Melia,3190496,Melia,
Meliaceae,2397,Meliaceae,
Melicoccus,3189989,Melicoccus,
Meliosma,3033959,Meliosma,
Melothria,2874549,Melothria,
Mendoncia,7263432,Mendoncia,
Menispermaceae,2411,Menispermaceae,
Meriania,3231526,Meriania,
Merremia,2928639,Merremia,
Mesechites,7317256,Mesechites,
Mespilodaphne,7304101,Mespilodaphne,
Metastelma,6416392,Metastelma,
Metteniusa,7314358,Metteniusa,
Metteniusaceae,4898632,Metteniusaceae,
Mezia,7378940,Mezia,
Miconia,3188558,Miconia,
Microdesmia,9705633,Microdesmia,
Micropholis,2887381,Micropholis,
Mikania,7722389,Mikania,
Mimosa,2969235,Mimosa,
Mimusops,2883690,Mimusops,
Minquartia,7326522,Minquartia,
Mollinedia,3034105,Mollinedia,
Momordica,2874578,Momordica,
Monimiaceae,2494,Monimiaceae,
Monoon,3158076,Monoon,
Monteverdia,7265474,Monteverdia,
Moquilea,7335164,Moquilea,
Mora,2960422,Mora,
Moraceae,6640,Moraceae,
Morella,7780807,Morella,
Morinda,2915429,Morinda,
Moringa,3054180,Moringa,
Moringaceae,6753,Moringaceae,
Mortoniodendron,7311009,Mortoniodendron,
Morus,2984545,Morus,
Mosannona,3158155,Mosannona,
Mosquitoxylum,7321669,Mosquitoxylum,
Mouriri,3188623,Mouriri,
Mucuna,2951351,Mucuna,
Muehlenbeckia,2888858,Muehlenbeckia,
Muellera,7275091,Muellera,
Munnozia,3099326,Munnozia,
Muntingia,3152035,Muntingia,
Muntingiaceae,2230,Muntingiaceae,
Murraya,3190383,Murraya,
Myrcia,3173889,Myrcia,
Myrcianthes,3188150,Myrcianthes,
Myrciaria,3186407,Myrciaria,
Myrica,5938218,Myrica,
Myricaceae,2432,Myricaceae,
Myriocarpa,3234510,Myriocarpa,
Myriopus,7131644,Myriopus,
Myristica,3152840,Myristica,
Myristicaceae,2439,Myristicaceae,
Myrospermum,2976680,Myrospermum,
Myroxylon,7362006,Myroxylon,
Myrsine,3169412,Myrsine,
Myrtaceae,5014,Myrtaceae,
Naucleopsis,7262533,Naucleopsis,
Neltuma,2970763,Prosopis,
Neocapparis,10659687,Neocapparis,
Neocarya,2984760,Neocarya,
Neosprucea,7274195,Neosprucea,
Nephelium,3189978,Nephelium,
Nerium,3169755,Nerium,
Neurolaena,3096766,Neurolaena,
Neustanthus,2947396,Neustanthus,
Niedenzuella,7285711,Niedenzuella,
Nyctaginaceae,6718,Nyctaginaceae,
Nypa,2738421,Nypa,
Nyssa,3082211,Nyssa,
Nyssaceae,6712,Nyssaceae,
Ochnaceae,6642,Ochnaceae,
Ochoterenaea,7321599,Ochoterenaea,
Ochroma,3152238,Ochroma,
Ocotea,3034076,Ocotea,
Odonellia,7323939,Odonellia,
Odontadenia,7316739,Odontadenia,
Odontocarya,7268633,Odontocarya,
Oenocarpus,2735438,Oenocarpus,
Olacaceae,6662,Olacaceae,
Oleaceae,6652,Oleaceae,
Olmedia,3766294,Olmedia,
Omphalea,3062195,Omphalea,
Onagraceae,2430,Onagraceae,
Operculina,9469847,Operculina,
Opiliaceae,3232649,Opiliaceae,
Oreomunnea,7148650,Oreomunnea,
Oreopanax,3036520,Oreopanax,
Ormosia,2960439,Ormosia,
Orthomene,7268748,Orthomene,
Orthosia,3231057,Orthosia,
Osteophloeum,3742996,Osteophloeum,
Otoba,7333703,Otoba,
Ouratea,3189667,Ouratea,
Oxalidaceae,6697,Oxalidaceae,
Oxandra,3154735,Oxandra,
Oxypetalum,3170199,Oxypetalum,
Pachira,3152234,Pachira,
Pachyptera,7368500,Pachyptera,
Pachyrhizus,2974664,Pachyrhizus,
Palicourea,2898662,Palicourea,
Panopsis,8348318,Panopsis,
Papaveraceae,2422,Papaveraceae,
Paramachaerium,2959527,Paramachaerium,
Parathesis,3169397,Parathesis,
Paratrophis,7262720,Paratrophis,
Parinari,2984937,Parinari,
Parkia,2943936,Parkia,
Parkinsonia,2964820,Parkinsonia,
Parmentiera,3172594,Parmentiera,
Passiflora,2874172,Passiflora,
Passifloraceae,2378,Passifloraceae,
Patinoa,7296155,Patinoa,
Paullinia,3189948,Paullinia,
Pausandra,3075099,Pausandra,
Pavonia,3152525,Pavonia,
Paypayrola,7296259,Paypayrola,
Pelliciera,2883100,Pelliciera,
Peltogyne,2952686,Peltogyne,
Peltophorum,2952763,Peltophorum,
Peltostigma,7268830,Peltostigma,
Pentaclethra,2943554,Pentaclethra,
Pentagonia,2893500,Pentagonia,
Pentaphylacaceae,4259202,Pentaphylacaceae,
Pentaplaris,7296152,Pentaplaris,
Pera,3231319,Pera,
Peraceae,4896765,Peraceae,
Perebea,7262669,Perebea,
Peritassa,7265649,Peritassa,
Perrottetia,6008745,Perrottetia,
Persea,3034041,Persea,
Petiveriaceae,4923867,Petiveriaceae,
Petrea,2925535,Petrea,
Phaseolus,2947798,Phaseolus,
Phippsiomeles,11481276,Phippsiomeles,
Phoenix,2732076,Phoenix,
Pholidostachys,4930249,Pholidostachys,
Phragmotheca,3234070,Phragmotheca,
Phyllanthaceae,8807,Phyllanthaceae,
Phyllanthus,3061139,Phyllanthus,
Phyllonoma,7278590,Phyllonoma,
Phyllonomaceae,4896346,Phyllonomaceae,
Phytelephas,2736285,Phytelephas,
Phytolaccaceae,2516,Phytolaccaceae,
Picramniaceae,3694522,Picramniaceae,
Picrasma,3190671,Picrasma,
Pimenta,3186060,Pimenta,
Pinaceae,3925,Pinaceae,
Pinochia,9465712,Pinochia,
Pinus,2684241,Pinus,
Pinzona,3083489,Pinzona,
Piparea,7274133,Piparea,
Piper,3075433,Piper,
Piperaceae,6678,Piperaceae,
Piptadenia,2951753,Piptadenia,
Piptocoma,3122102,Piptocoma,
Piscidia,2956053,Piscidia,
Pisonia,3086250,Pisonia,
Pithecellobium,2962745,Pithecellobium,
Pittoniotis,2911205,Pittoniotis,
Platymiscium,2944717,Platymiscium,
Platypodium,2977382,Platypodium,
Pleonotoma,7298646,Pleonotoma,
Pleroma,7273178,Pleroma,
Pleuranthodendron,7311194,Pleuranthodendron,
Pluchea,3132596,Pluchea,
Plukenetia,3070698,Plukenetia,
Plumeria,3169672,Plumeria,
Pochota,7296119,Pochota,
Podandrogyne,7273331,Podandrogyne,
Podocarpaceae,8830,Podocarpaceae,
Podocarpus,5284386,Podocarpus,
Podranea,3172591,Podranea,
Pogonopus,2919027,Pogonopus,
Polyalthia,3156263,Polyalthia,
Polyclathra,7317839,Polyclathra,
Polygalaceae,2417,Polygalaceae,
Polygonaceae,2416,Polygonaceae,
Polyscias,3035574,Polyscias,
Pombalia,7296722,Pombalia,
Poraqueiba,9592390,Poraqueiba,
Porcelia,3156211,Porcelia,
Posoqueria,2893876,Posoqueria,
Potalia,7289361,Potalia,
Poulsenia,3234567,Poulsenia,
Pourouma,7316388,Pourouma,
Pouteria,2884049,Pouteria,
Pouzolzia,2984382,Pouzolzia,
Pradosia,2883827,Pradosia,
Preslianthus,8108711,Preslianthus,
Prestoea,2738937,Prestoea,
Prestonia,3169716,Prestonia,
Primulaceae,6674,Primulaceae,
Prionostemma,3231392,Prionostemma,
Prioria,2947107,Prioria,
Pristimera,3169112,Pristimera,
Pritchardia,2738325,Pritchardia,
Prockia,8313450,Prockia,
Prosopis,2970763,Prosopis,
Proteaceae,2414,Proteaceae,
Protium,7286732,Protium,
Prunus,3020559,Prunus,
Pseudalbizzia,2972897,Albizia,
Pseudima,7264875,Pseudima,
Pseudobombax,3152211,Pseudobombax,
Pseudogynoxys,3150249,Pseudogynoxys,
Pseudolachnostoma,7364421,Pseudolachnostoma,
Pseudolmedia,2984542,Pseudolmedia,
Pseudomalmea,3153990,Pseudomalmea,
Pseudosamanea,8107622,Pseudosamanea,
Psidium,3187232,Psidium,
Psiguria,7883254,Psiguria,
Psychotria,2919963,Psychotria,
Pterandra,7285079,Pterandra,
Pterocarpus,5349236,Pterocarpus,
Pteropepon,7317728,Pteropepon,
Pterygota,9502664,Pterygota,
Ptychosperma,2733820,Ptychosperma,
Pueraria,2977604,Pueraria,
Punica,3188663,Punica,
Purdiaea,7311614,Purdiaea,
Putranjivaceae,8808,Putranjivaceae,
Pyrostegia,3172568,Pyrostegia,
Quadrella,9800538,Quadrella,
Qualea,7288308,Qualea,
Quararibea,3152231,Quararibea,
Quassia,3190646,Quassia,
Quercus,2877951,Quercus,
Quetzalia,7265798,Quetzalia,
Quiina,7285768,Quiina,
Quiinaceae,3986433,Quiinaceae,
Randia,2911655,Randia,
Ranunculaceae,2410,Ranunculaceae,
Raphia,2732374,Raphia,
Raputiarana,7269156,Raputiarana,
Raritebe,2896794,Raritebe,
Rauvolfia,3169769,Rauvolfia,
Ravenia,3190130,Ravenia,
Reinhardtia,2738719,Reinhardtia,
Resedaceae,3110,Resedaceae,
Rhabdadenia,8027623,Rhabdadenia,
Rhamnaceae,2407,Rhamnaceae,
Rhaphiolepis,3032335,Rhaphiolepis,
Rhizophora,3086525,Rhizophora,
Rhizophoraceae,6671,Rhizophoraceae,
Rhodostemonodaphne,7304348,Rhodostemonodaphne,
Rhynchosia,2947992,Rhynchosia,
Rhytidostemma,8228884,Rhytidostemma,
Richeria,3075271,Richeria,
Ricinus,9188216,Ricinus,
Robrichia,12315962,Robrichia,
Rogiera,8178762,Rogiera,
Ronabea,2902111,Ronabea,
Rondeletia,2897144,Rondeletia,
Rosaceae,5015,Rosaceae,
Rosenbergiodendron,8244725,Rosenbergiodendron,
Roucheria,7293146,Roucheria,
Roupala,7286930,Roupala,
Rourea,3032534,Rourea,
Roystonea,2733733,Roystonea,
Ruagea,7271362,Ruagea,
Rubiaceae,8798,Rubiaceae,
Rudgea,2910457,Rudgea,
Ruehssia,7311749,Ruehssia,
Ruprechtia,8220246,Ruprechtia,
Ruptiliocarpon,7297806,Ruptiliocarpon,
Rustia,2904559,Rustia,
Rutaceae,2396,Rutaceae,
Ryania,3231223,Ryania,
Sabal,2732480,Sabal,
Sabiaceae,2409,Sabiaceae,
Sabicea,2900141,Sabicea,
Sacoglottis,7320134,Sacoglottis,
Sagotia,5939732,Sagotia,
Salacia,3169160,Salacia,
Salicaceae,6664,Salicaceae,
Salix,3039576,Salix,
Samanea,2971208,Samanea,
Sambucus,2888721,Sambucus,
Sandoricum,7107971,Sandoricum,
Sapindaceae,6657,Sapindaceae,
Sapindus,3189983,Sapindus,
Sapotaceae,8802,Sapotaceae,
Sapranthus,3154710,Sapranthus,
Sarcaulus,2886224,Sarcaulus,
Sarcomphalus,8301375,Sarcomphalus,
Sarcopera,7275894,Sarcopera,
Saurauia,7270665,Saurauia,
Schinus,3190641,Schinus,
Schizocalyx,7270984,Schizocalyx,
Schizolobium,2945452,Schizolobium,
Schlegelia,3172466,Schlegelia,
Schlegeliaceae,3609121,Schlegeliaceae,
Schnella,7278569,Schnella,
Schoenobiblus,7311257,Schoenobiblus,
Schoepfia,2889813,Schoepfia,
Schoepfiaceae,4894246,Schoepfiaceae,
Sciadotenia,7268706,Sciadotenia,
Sciodaphyllum,7314478,Sciodaphyllum,
Scrophulariaceae,2390,Scrophulariaceae,
Scyphostelma,8354156,Scyphostelma,
Sebastiania,8343318,Sebastiania,
Sechium,2874611,Sechium,
Securidaca,3191472,Securidaca,
Seguieria,7309605,Seguieria,
Selysia,7317507,Selysia,
Semialarium,7265787,Semialarium,
Senefeldera,3063714,Senefeldera,
Senegalia,7989631,Senegalia,
Senna,2956904,Senna,
Serjania,5421120,Serjania,
Sicana,2874499,Sicana,
Sicydium,8052497,Sicydium,
Sicyos,2874625,Sicyos,
Sideroxylon,2886817,Sideroxylon,
Simaba,7329561,Simaba,
Simarouba,3190668,Simarouba,
Simaroubaceae,2395,Simaroubaceae,
Simira,2894913,Simira,
Sinclairia,3098767,Sinclairia,
Siparuna,7264484,Siparuna,
Siparunaceae,4893899,Siparunaceae,
Siphoneugena,3181140,Siphoneugena,
Sloanea,3152097,Sloanea,
Smilacaceae,7702,Smilacaceae,
Smilax,2740627,Smilax,
Socratea,2732448,Socratea,
Solanaceae,7717,Solanaceae,
Solenandra,2903988,Solenandra,
Sommera,2919931,Sommera,
Sorocea,7262353,Sorocea,
Souroubea,7275871,Souroubea,
Spachea,7285388,Spachea,
Sparattanthelium,7326411,Sparattanthelium,
Spathodea,3172573,Spathodea,
Spirotheca,7296114,Spirotheca,
Spondias,3190592,Spondias,
Stachyarrhena,4938021,Stachyarrhena,
Staphyleaceae,6656,Staphyleaceae,
Stauranthus,7269506,Stauranthus,
Stemonuraceae,4087082,Stemonuraceae,
Stenanona,3156555,Stenanona,
Stenostomum,2896911,Stenostomum,
Stephanopodium,7309869,Stephanopodium,
Stephanotis,9752985,Stephanotis,
Sterculia,3152129,Sterculia,
Steriphoma,7273417,Steriphoma,
Stictocardia,2928697,Stictocardia,
Stigmaphyllon,3191310,Stigmaphyllon,
Stillingia,3055103,Stillingia,
Stixaceae,4087083,Stixaceae,
Stizophyllum,7298367,Stizophyllum,
Strychnos,3169589,Strychnos,
Stylogyne,3169452,Stylogyne,
Styracaceae,2507,Styracaceae,
Styrax,3032925,Styrax,
Suriana,2986072,Suriana,
Surianaceae,6665,Surianaceae,
Swietenia,3190483,Swietenia,
Symphonia,8233185,Symphonia,
Symphysia,10723025,Symphysia,
Symplocaceae,6708,Symplocaceae,
Symplococarpon,7313892,Symplococarpon,
Symplocos,3032996,Symplocos,
Synechanthus,2736133,Synechanthus,
Synsepalum,2885957,Synsepalum,
Syzygium,3029010,Syzygium,
Tabebuia,7935410,Tabebuia,
Tabernaemontana,3169624,Tabernaemontana,
Tacarcuna,3079381,Tacarcuna,
Tachigali,2945125,Tachigali,
Talipariti,7115793,Talipariti,
Talisia,3189946,Talisia,
Tamarindus,2975767,Tamarindus,
Tanaecium,7298714,Tanaecium,
Tapirira,7321529,Tapirira,
Tapura,7309868,Tapura,
Tassadia,7311668,Tassadia,
Tecoma,3172488,Tecoma,
Tecomaria,7298665,Tecomaria,
Tectona,2925648,Tectona,
Teramnus,2951908,Teramnus,
Terminalia,3189387,Terminalia,
Ternstroemia,3189600,Ternstroemia,
Tessmannianthus,3866049,Tessmannianthus,
Tetracera,3234607,Tetracera,
Tetragastris,3190462,Tetragastris,
Tetrameristaceae,3593836,Tetrameristaceae,
Tetrapleura,2939637,Tetrapleura,
Tetrapterys,3191303,Tetrapterys,
Tetrathylacium,7274104,Tetrathylacium,
Tetrorchidium,3062897,Tetrorchidium,
Theaceae,3189597,Theaceae,
Theobroma,2984934,Theobroma,
Thespesia,3152791,Thespesia,
Thevetia,5414404,Thevetia,
Thinouia,7264997,Thinouia,
Thouinidium,7265019,Thouinidium,
Thymelaeaceae,2428,Thymelaeaceae,
Tibouchina,3188517,Tibouchina,
Ticodendraceae,8804,Ticodendraceae,
Ticodendron,2876661,Ticodendron,
Tilesia,3132362,Tilesia,
Tocoyena,2898227,Tocoyena,
Tonduzia,2710861,Tonduzia,
Tontelea,7550998,Tontelea,
Tournefortia,2925828,Tournefortia,
Tournefortiopsis,7270972,Tournefortiopsis,
Tovomita,7329865,Tovomita,
Toxicodendron,8686559,Toxicodendron,
Toxosiphon,7269262,Toxosiphon,
Tragia,3061520,Tragia,
Trattinnickia,7286734,Trattinnickia,
Trema,2984500,Trema,
Trichanthera,3233813,Trichanthera,
Trichilia,3190490,Trichilia,
Trichospermum,3152055,Trichospermum,
Trichostigma,3083999,Trichostigma,
Trigonia,3231357,Trigonia,
Trigoniaceae,3231355,Trigoniaceae,
Triplaris,6390747,Triplaris,
Triumfetta,3152064,Triumfetta,
Tropaeolaceae,6696,Tropaeolaceae,
Tropaeolum,2889929,Tropaeolum,
Trophis,10808815,Trophis,
Turnera,2874846,Turnera,
Turneraceae,2377,Turneraceae,
Turpinia,3190468,Turpinia,
Tynanthus,3172598,Tynanthus,
Ugni,3185042,Ugni,
Ulmaceae,2382,Ulmaceae,
Ulmus,2984510,Ulmus,
Uncaria,2906635,Uncaria,
Unonopsis,3157765,Unonopsis,
Urera,2984329,Urera,
Urticaceae,6639,Urticaceae,
Urvillea,3189974,Urvillea,
Vaccinium,2882813,Vaccinium,
Vachellia,8142432,Vachellia,
Vailia,7585755,Vailia,
Vantanea,7158977,Vantanea,
Varronia,7131431,Varronia,
Vasconcellea,7106306,Vasconcellea,
Vatairea,2965112,Vatairea,
Verbenaceae,6689,Verbenaceae,
Verbesina,3147795,Verbesina,
Vernonanthura,3110435,Vernonanthura,
Viburnaceae,4924416,Viburnaceae,
Viburnum,2888580,Viburnum,
Vigna,2982372,Vigna,
Violaceae,6631,Violaceae,
Virola,3152843,Virola,
Vismia,3189574,Vismia,
Vitaceae,6672,Vitaceae,
Vitex,2925556,Vitex,
Vitis,7467468,Vitis,
Vochysia,8225540,Vochysia,
Vochysiaceae,3231623,Vochysiaceae,
Volkameria,2925631,Volkameria,
Votomita,3865786,Votomita,
Waltheria,3152104,Waltheria,
Warszewiczia,2917365,Warszewiczia,
Weinmannia,3032536,Weinmannia,
Welfia,2738926,Welfia,
Wercklea,7278852,Wercklea,
Wettinia,2736938,Wettinia,
Wimmeria,7265429,Wimmeria,
Winteraceae,2437,Winteraceae,
Witheringia,5341755,Witheringia,
Wittmackanthus,2903397,Wittmackanthus,
Ximenia,2889810,Ximenia,
Ximeniaceae,4930777,Ximeniaceae,
Xylophragma,7298486,Xylophragma,
Xylopia,3157015,Xylopia,
Xylosma,2874117,Xylosma,
Zamia,2683306,Zamia,
Zamiaceae,5375,Zamiaceae,
Zanthoxylum,3190076,Zanthoxylum,
Zapoteca,2967998,Zapoteca,
Zinowiewia,7265394,Zinowiewia,
Ziziphus,3039411,Ziziphus,
Zuckertia,7743539,Zuckertia,
Zygia,2939650,Zygia,
