Family,ScientificName,ScientificNameAuthorship,Notes,TaxonId
ACANTHACEAE,"Aphelandra arnoldii",Mildbr.,,61885
ACANTHACEAE,"Aphelandra sinclairiana",Nees,,61905
ACANTHACEAE,"Blechum pyramidatum",Urb.,,80106
ACANTHACEAE,"Elytraria imbricata","(Vahl) Pers.",,64493
ACANTHACEAE,"Herpetacanthus panamensis",Leonard,,65423
ACANTHACEAE,"Hygrophila costata","Nees & T. Nees",,65566
ACANTHACEAE,"Justicia graciliflora","(Standl.) D.N. Gibson",,65871
ACANTHACEAE,"Justicia pectoralis",Jacq.,,65877
ACANTHACEAE,"Justicia secunda",Vahl,,65883
ACANTHACEAE,"Lepidagathis alopecuroidea","(Vahl) R. Br. ex Griseb.",,66071
ACANTHACEAE,"Mendoncia costaricana",Oerst.,,66641
ACANTHACEAE,"Mendoncia gracilis",Turrill,,66642
ACANTHACEAE,"Mendoncia litoralis",Leonard,,66644
ACANTHACEAE,"Mendoncia retusa",Turrill,,66645
ACANTHACEAE,"Nelsonia canescens","(Lam.) Spreng.",,67062
ACANTHACEAE,"Ruellia blechum",L.,,69234
ACANTHACEAE,"Ruellia costaricensis","(Oerst.) E.A. Tripp & McDade",,69237
ACANTHACEAE,"Ruellia panamensis","(Lindau) E.A. Tripp",,69246
ACANTHACEAE,"Ruellia terminalis","(Nees) Wassh.",,69250
ACANTHACEAE,"Thunbergia erecta","(Benth.) T. Anderson",,70414
ACANTHACEAE,"Trichanthera gigantea","(Bonpl.) Nees",,70523
ACTINIDIACEAE,"Saurauia yasicae",Loes.,,69356
AMARANTHACEAE,"Cyathula achyranthoides","(Kunth) Moq.",,63793
AMARANTHACEAE,"Cyathula prostrata","(L.) Blume",,63794
AMARANTHACEAE,"Iresine angustifolia",Euphrasén,,65782
ANACARDIACEAE,"Anacardium excelsum","(Bertero & Balb. ex Kunth) Skeels",,61651
ANACARDIACEAE,"Anacardium occidentale",L.,,61652
ANACARDIACEAE,"Astronium graveolens",Jacq.,,62139
ANACARDIACEAE,"Mangifera indica",L.,,66386
ANACARDIACEAE,"Mosquitoxylum jamaicense","Krug & Urb.",,66941
ANACARDIACEAE,"Spondias dulcis",Parkinson,,69945
ANACARDIACEAE,"Spondias mombin",L.,,69946
ANACARDIACEAE,"Spondias purpurea",L.,,69947
ANACARDIACEAE,"Spondias radlkoferi","Donn. Sm.",,69948
ANNONACEAE,"Anaxagorea panamensis",Standl.,,61658
ANNONACEAE,"Annona acuminata",Saff.,,61690
ANNONACEAE,"Annona glabra",L.,,61692
ANNONACEAE,"Annona hayesii",Saff.,,61693
ANNONACEAE,"Annona muricata",L.,,61696
ANNONACEAE,"Annona purpurea","Moc. & Sessé ex Dunal",,61699
ANNONACEAE,"Annona spraguei",Saff.,,61701
ANNONACEAE,"Desmopsis panamensis","(B.L. Rob.) Saff.",,64000
ANNONACEAE,"Guatteria amplifolia","Triana & Planch.",,65171
ANNONACEAE,"Guatteria lucens",Standl.,,65178
ANNONACEAE,"Klarobelia anomala","(R.E. Fr.) Chatrou",,65906
ANNONACEAE,"Mosannona garwoodii","Chatrou & Welzenis",,66938
ANNONACEAE,"Oxandra panamensis","R.E. Fr.",,67400
ANNONACEAE,"Unonopsis pittieri",Saff.,,70696
ANNONACEAE,"Xylopia frutescens",Aubl.,,70966
ANNONACEAE,"Xylopia macrantha","Triana & Planch.",,70967
APIACEAE,"Eryngium foetidum",L.,,64705
APIACEAE,"Hydrocotyle umbellata",L.,,65564
APIACEAE,"Spananthe paniculata",Jacq.,,69876
APOCYNACEAE,"Allamanda cathartica",L.,,61578
APOCYNACEAE,"Allamanda schottii",Pohl,,61579
APOCYNACEAE,"Asclepias curassavica",L.,,62042
APOCYNACEAE,"Aspidosperma desmanthum","Benth. ex Müll. Arg.",,62052
APOCYNACEAE,"Aspidosperma excelsum",Benth.,,62053
APOCYNACEAE,"Aspidosperma spruceanum","Benth. ex Müll. Arg.",,62056
APOCYNACEAE,"Blepharodon mucronatum","(Schltdl.) Decne.",,62413
APOCYNACEAE,"Catharanthus roseus","(L.) G. Don",,62803
APOCYNACEAE,"Fischeria billbergiana","(Beurl.) Morillo",,64920
APOCYNACEAE,"Forsteronia acouci","(Aubl.) A. DC.",,64945
APOCYNACEAE,"Forsteronia myriantha","Donn. Sm.",,64947
APOCYNACEAE,"Funastrum clausum","(Jacq.) Schltr.",,64962
APOCYNACEAE,"Gonolobus albomarginatus","(Pittier) Woodson",,65095
APOCYNACEAE,"Gonolobus fimbriatiflorus","(Morillo) W.D. Stevens",,65098
APOCYNACEAE,"Gonolobus inaequalis","L.O. Williams",,65102
APOCYNACEAE,"Lacmellea panamensis","(Woodson) Markgr.",,65932
APOCYNACEAE,"Macroscepis hirsuta","(Vahl) Schltr.",,66328
APOCYNACEAE,"Malouetia guatemalensis","(Müll. Arg.) Standl.",,66359
APOCYNACEAE,"Malouetia quadricasarum",Woodson,,66360
APOCYNACEAE,"Mandevilla villosa","(Miers) Woodson",,66378
APOCYNACEAE,"Marsdenia crassipes",Hemsl.,,66448
APOCYNACEAE,"Matelea denticulata","(Vahl) Fontella & E.A. Schwarz",,66470
APOCYNACEAE,"Matelea pinguifolia","(Standl.) Woodson",,66475
APOCYNACEAE,"Mesechites trifida","Mu|2ll. Arg. in Mart.",,81178
APOCYNACEAE,"Mesechites trifidus","(Jacq.) Müll. Arg.",,66660
APOCYNACEAE,"Metalepis peraffinis","(Woodson) Morillo",,66665
APOCYNACEAE,"Odontadenia macrantha","(Willd. ex Roem. & Schult.) Markgr.",,67222
APOCYNACEAE,"Odontadenia puncticulosa","(Rich.) Pulle",,67223
APOCYNACEAE,"Pinochia peninsularis","(Woodson) M.E. Endress & B.F. Hansen",,68149
APOCYNACEAE,"Prestonia ipomaeifolia","A. DC.",,68694
APOCYNACEAE,"Prestonia lenticellata","A.H. Gentry",,68695
APOCYNACEAE,"Prestonia mexicana","A. DC.",,68697
APOCYNACEAE,"Prestonia portobellensis","(Beurl.) Woodson",,68700
APOCYNACEAE,"Prestonia quinquangularis","(Jacq.) Spreng.",,68701
APOCYNACEAE,"Prestonia seemannii",Miers,,68702
APOCYNACEAE,"Prestonia trifida","(Poepp.) Woodson",,68703
APOCYNACEAE,"Rauvolfia littoralis",Rusby,,69038
APOCYNACEAE,"Rhabdadenia biflora","(Jacq.) Müll. Arg.",,69074
APOCYNACEAE,"Stemmadenia grandiflora","(Jacq.) Miers",,80326
APOCYNACEAE,"Tabernaemontana amygdalifolia",Jacq.,,70168
APOCYNACEAE,"Tabernaemontana arborea",Rose,,70169
APOCYNACEAE,"Tabernaemontana divaricata","(L.) R. Br. ex Roem. & Schult.",,70170
APOCYNACEAE,"Tassadia obovata",Decne.,,70214
APOCYNACEAE,"Thevetia ahouai","(L.) A. DC.",,70405
APOCYNACEAE,"Vailia anomala","(Brandeg.) W. D. Stevens",,171419
ARALIACEAE,"Dendropanax arboreus","(L.) Decne. & Planch.",,63928
ARALIACEAE,"Oreopanax capitatus","(Jacq.) Decne. & Planch.",,67328
ARALIACEAE,"Polyscias guilfoylei","(W. Bull) L.H. Bailey",,68601
ARALIACEAE,"Schefflera morototoni","(Aubl.) Maguire, Steyerm. & Frodin",,69413
ARAUCARIACEAE,"Araucaria columnaris","(J.R. Forst.) Hook.",,61927
ARISTOLOCHIACEAE,"Aristolochia cordiflora","Mutis ex Kunth",,62014
ARISTOLOCHIACEAE,"Aristolochia maxima",Jacq.,,62019
ARISTOLOCHIACEAE,"Aristolochia pilosa",Kunth,,62023
ARISTOLOCHIACEAE,"Aristolochia tonduzii","O.C. Schmidt",,62025
ASTERACEAE,"Acmella brachyglossa",Cass.,,61421
ASTERACEAE,"Ayapana elata","(Steetz) R.M. King & H. Rob.",,62169
ASTERACEAE,"Baccharis trinervis",Pers.,,62176
ASTERACEAE,"Calea jamaicensis","(L.) L.",,62620
ASTERACEAE,"Calea prunifolia",Kunth,,62621
ASTERACEAE,"Chaptalia nutans","(L.) Pol.",,62998
ASTERACEAE,"Chromolaena odorata","(L.) R.M. King & H. Rob.",,63063
ASTERACEAE,"Clibadium surinamense",L.,,63217
ASTERACEAE,"Clibadium sylvestre","(Aubl.) Baill.",,63218
ASTERACEAE,"Conyza laevigata","(Rich.) Pruski",,63505
ASTERACEAE,"Critonia billbergiana","(Beurl.) R.M. King & H. Rob.",,63622
ASTERACEAE,"Cyanthillium cinereum","H. Rob.",,80167
ASTERACEAE,"Eclipta prostrata","(L.) L.",,64336
ASTERACEAE,"Elephantopus mollis",Kunth,,64464
ASTERACEAE,"Eleutheranthera ruderalis","(Sw.) Sch. Bip.",,64466
ASTERACEAE,"Eleutheranthera ruderalis var. ruderalis",,,185778
ASTERACEAE,"Emilia sonchifolia","(L.) DC.",,64496
ASTERACEAE,"Emilia sonchifolia var. sonchifolia",,,78282
ASTERACEAE,"Erechtites hieraciifolia","(L.) Raf. ex DC.",,98111
ASTERACEAE,"Erechtites hieraciifolia var. cacalioides","(Spreng.) Griseb.",,176863
ASTERACEAE,"Fleischmannia sinclairii","(Benth.) R.M. King & H. Rob.",,64938
ASTERACEAE,"Hebeclinium macrophyllum","(L.) DC.",,65310
ASTERACEAE,"Heterocondylus vitalbae","(DC.) R.M. King & H. Rob.",,65431
ASTERACEAE,"Koanophyllon wetmorei","(B.L. Rob.) R.M. King & H. Rob.",,65912
ASTERACEAE,"Lepidaploa canescens","(Kunth) H. Rob.",,66073
ASTERACEAE,"Melampodium divaricatum","(Rich.) DC.",,66601
ASTERACEAE,"Melanthera nivea","(L.) Small",,66604
ASTERACEAE,"Mikania hookeriana",DC.,,66820
ASTERACEAE,"Mikania leiostachya",Benth.,,66823
ASTERACEAE,"Mikania micrantha",Kunth,,66824
ASTERACEAE,"Mikania psilostachya",DC.,,66827
ASTERACEAE,"Mikania tonduzii","B.L. Rob.",,66831
ASTERACEAE,"Neurolaena lobata","(L.) Cass.",,67099
ASTERACEAE,"Pluchea odorata","(L.) Cass.",,68523
ASTERACEAE,"Pseudelephantopus spicatus","(Juss. ex Aubl.) C.F. Baker",,68765
ASTERACEAE,"Pseudoelephantopus spicatus",,,80280
ASTERACEAE,"Rolandra fruticosa","(L.) Kuntze",,69178
ASTERACEAE,"Schistocarpha eupatorioides","(Fenzl) Kuntze",,69426
ASTERACEAE,"Sphagneticola trilobata","(L.) Pruski",,69932
ASTERACEAE,"Spiracantha cornifolia",Kunth,,69943
ASTERACEAE,"Synedrella nodiflora","(L.) Gaertn.",,70135
ASTERACEAE,"Tilesia baccata","(L.) Pruski",,70426
ASTERACEAE,"Tridax procumbens",L.,,70614
ASTERACEAE,"Verbesina gigantea",Jacq.,,70767
ASTERACEAE,"Vernonanthura patens","H. Rob.",,80339
BEGONIACEAE,"Begonia filipes",Benth.,,81231
BEGONIACEAE,"Begonia fischeri",Schrank,,62268
BEGONIACEAE,"Begonia guaduensis",Kunth,,62271
BEGONIACEAE,"Begonia hirsuta",Aubl.,,62274
BIGNONIACEAE,"Adenocalymma arthropetiolatum","A.H. Gentry",,61445
BIGNONIACEAE,"Amphilophium crucigerum","(L.) L.G. Lohmann",,61636
BIGNONIACEAE,"Amphilophium paniculatum","(L.) Kunth",,61639
BIGNONIACEAE,"Anemopaegma chrysoleucum","(Kunth) Sandwith",,61678
BIGNONIACEAE,"Arrabidaea chica","B. Verl.",,80097
BIGNONIACEAE,"Arrabidaea patellifera",Sandwith,,80100
BIGNONIACEAE,"Arrabidaea verrucosa","A.H. Gentry",,80101
BIGNONIACEAE,"Bignonia aequinoctialis",L.,,77461
BIGNONIACEAE,"Bignonia binata",Thunb.,,77462
BIGNONIACEAE,"Bignonia corymbosa","(Vent.) L.G. Lohmann",,77463
BIGNONIACEAE,"Bignonia neoheterophylla","L.G. Lohmann",,77467
BIGNONIACEAE,"Callichlamys latifolia","(Rich.) K. Schum.",,62633
BIGNONIACEAE,"Ceratophytum tetragonolobum","Sprague & Sandwith",,80137
BIGNONIACEAE,"Cydista aequinoctialis",,,63822
BIGNONIACEAE,"Dolichandra unguis-cati","(L.) L.G. Lohmann",,77559
BIGNONIACEAE,"Fridericia candicans","(Rich.) L.G. Lohmann",,77604
BIGNONIACEAE,"Fridericia chica","(Bonpl.) L.G. Lohmann",,77605
BIGNONIACEAE,"Fridericia florida","(DC.) L.G. Lohmann",,77608
BIGNONIACEAE,"Fridericia japurensis","(DC.) L.G. Lohmann",,77609
BIGNONIACEAE,"Fridericia patellifera","(Schltdl.) L.G. Lohmann",,77612
BIGNONIACEAE,"Fridericia schumanniana","(Loes.) L.G. Lohmann",,77614
BIGNONIACEAE,"Handroanthus guayacan","(Seem.) S. O. Grose",,155831
BIGNONIACEAE,"Handroanthus ochraceus","(Cham.) Mattos",,155614
BIGNONIACEAE,"Handroanthus ochraceus subsp. neochrysanthus","(A. H. Gentry) S. O. Grose",,171992
BIGNONIACEAE,"Jacaranda copaia","(Aubl.) D. Don",,65819
BIGNONIACEAE,"Jacaranda copaia subsp. spectabilis","(Mart. ex DC.) A.H. Gentry",,78018
BIGNONIACEAE,"Macfadyena unguis-cati","A.H. Gentry",,80219
BIGNONIACEAE,"Mansoa hymenaea","(DC.) A.H. Gentry",,66397
BIGNONIACEAE,"Martinella obovata","(Kunth) Bureau & K. Schum.",,66458
BIGNONIACEAE,"Pachyptera kerere","(Aubl.) Sandwith",,67409
BIGNONIACEAE,"Paragonia pyramidata",Bureau,,80256
BIGNONIACEAE,"Pithecoctenium crucigerum","A.H. Gentry",,80269
BIGNONIACEAE,"Pleonotoma variabilis","(Jacq.) Miers",,68437
BIGNONIACEAE,"Spathodea campanulata","P. Beauv.",,69894
BIGNONIACEAE,"Stizophyllum inaequilaterum","Bureau & K. Schum.",,70071
BIGNONIACEAE,"Stizophyllum riparium","(Kunth) Sandwith",,70072
BIGNONIACEAE,"Tabebuia rosea","(Bertol.) DC.",,70165
BIGNONIACEAE,"Tanaecium pyramidatum","(Rich.) L.G. Lohmann",,70205
BIGNONIACEAE,"Tanaecium tetragonolobum","(Jacq.) L.G. Lohmann",,70206
BIGNONIACEAE,"Tynanthus croatianus","A.H. Gentry",,70677
BIGNONIACEAE,"Xylophragma seemannianum","(Kuntze) Sandwith",,70962
BIXACEAE,"Bixa orellana",L.,,62347
BIXACEAE,"Bixa urucurana",Willd.,,62348
BIXACEAE,"Cochlospermum vitifolium","(Willd.) Spreng.",,63352
BOMBACACEAE,"Cavanillesia platanifolia","(Bonpl.) Kunth",,62815
BOMBACACEAE,"Ceiba pentandra","(L.) Gaertn.",,62876
BOMBACACEAE,"Ochroma pyramidale","(Cav. ex Lam.) Urb.",,67166
BOMBACACEAE,"Pachira aquatica",Aubl.,,67404
BOMBACACEAE,"Pachira quinata","(Jacq.) W.S. Alverson",,67405
BOMBACACEAE,"Pachira sessilis",Benth.,,67406
BOMBACACEAE,"Pseudobombax septenatum","(Jacq.) Dugand",,68771
BOMBACACEAE,"Quararibea asterolepis",Pittier,,68968
BOMBACACEAE,"Quararibea pterocalyx",Hemsl.,,68975
BOMBACACEAE,"Quararibea stenophylla",Pittier,,114457
BORAGINACEAE,"Varronia spinescens","(L.) Borhidi",,77927
BURSERACEAE,"Bursera simaruba","(L.) Sarg.",,62579
BURSERACEAE,"Protium confusum","(Rose) Pittier",,68732
BURSERACEAE,"Protium costaricense","(Rose) Engl.",,68734
BURSERACEAE,"Protium glabrum","(Rose) Engl.",,68736
BURSERACEAE,"Protium panamense","(Rose) I.M. Johnst.",,68739
BURSERACEAE,"Protium stevensonii","(Standl.) Daly",,181031
BURSERACEAE,"Protium tenuifolium","(Engl.) Engl.",,68743
BURSERACEAE,"Protium tenuifolium subsp. sessiliflorum","(Rose) D.M. Porter",,78079
BURSERACEAE,"Trattinnickia aspera","(Standl.) Swart",,70517
CACTACEAE,"Epiphyllum hookeri",Haw.,,64651
CACTACEAE,"Epiphyllum phyllanthus","(L.) Haw.",,64655
CACTACEAE,"Epiphyllum phyllanthus var. phyllanthus",,,78284
CACTACEAE,"Rhipsalis baccifera","(Sol.) Stearn",,69085
CAMPANULACEAE,"Centropogon cornutus","(L.) Druce",,62895
CAMPANULACEAE,"Hippobroma longiflora","(L.) G. Don",,65471
CAPPARACEAE,"Capparidastrum frondosum","(Jacq.) Cornejo & Iltis",,77485
CAPPARACEAE,"Crateva tapia",L.,,63612
CARICACEAE,"Carica papaya",L.,,62753
CARICACEAE,"Jacaratia spinosa","(Aubl.) A. DC.",,65823
CARICACEAE,"Vasconcellea cauliflora","(Jacq.) A. DC.",,70759
CARYOPHYLLACEAE,"Drymaria cordata","(L.) Willd. ex Schult.",,64271
CELASTRACEAE,"Monteverdia schippii","(Lundell) Biral",,180970
CELASTRACEAE,"Monteverdia sieberiana","(Krug & Urb.) Biral",,180971
CERATOPHYLLACEAE,"Ceratophyllum demersum",L.,,62927
CHRYSOBALANACEAE,"Hirtella americana",L.,,65484
CHRYSOBALANACEAE,"Hirtella racemosa",Lam.,,65487
CHRYSOBALANACEAE,"Hirtella triandra",Sw.,,65488
CHRYSOBALANACEAE,"Hirtella triandra subsp. triandra",,,78009
CHRYSOBALANACEAE,"Licania hypoleuca",Benth.,,66101
CHRYSOBALANACEAE,"Licania platypus","(Hemsl.) Fritsch",,66108
CLEOMACEAE,"Tarenaya parviflora","(Kunth) Iltis",,77903
CLUSIACEAE,"Calophyllum longifolium",Willd.,,62647
CLUSIACEAE,"Calophyllum mesoamericanum","Vela Díaz",,176567
CLUSIACEAE,"Chrysochlamys eclipes","L.O. Williams",,63070
CLUSIACEAE,"Chrysochlamys grandifolia","(L.O. Williams) Hammel",,63073
CLUSIACEAE,"Chrysochlamys nicaraguensis","(Oerst., Planch. & Triana) Hemsl.",,63077
CLUSIACEAE,"Clusia flavida","(Benth.) Pipoly",,63275
CLUSIACEAE,"Clusia minor",L.,,63284
CLUSIACEAE,"Clusia peninsulae",Hammels,,93857
CLUSIACEAE,"Clusia uvitana",Pittier,,63300
CLUSIACEAE,"Garcinia intermedia","(Pittier) Hammel",,64984
CLUSIACEAE,"Garcinia madruno","(Kunth) Hammel",,64985
CLUSIACEAE,"Garcinia mangostana",L.,,64987
CLUSIACEAE,"Mammea americana",L.,,66371
CLUSIACEAE,"Marila laxiflora",Rusby,,66439
CLUSIACEAE,"Symphonia globulifera","L. f.",,70124
CLUSIACEAE,"Tovomita longifolia","(Rich.) Hochr.",,70496
CLUSIACEAE,"Tovomita stylosa",Hemsl.,,70498
COMBRETACEAE,"Combretum cacoucia",Exell,,63439
COMBRETACEAE,"Combretum decandrum",Jacq.,,63440
COMBRETACEAE,"Combretum fruticosum","(Loefl.) Stuntz",,63441
COMBRETACEAE,"Combretum laxum",Jacq.,,63443
COMBRETACEAE,"Terminalia amazonia","(J.F. Gmel.) Exell",,70260
COMBRETACEAE,"Terminalia oblonga","(Ruiz & Pav.) Steud.",,70267
CONNARACEAE,"Cnestidium rufescens",Planch.,,63306
CONNARACEAE,"Connarus lentiginosus",Brandegee,,63466
CONNARACEAE,"Connarus panamensis",Griseb.,,63468
CONNARACEAE,"Connarus turczaninowii",Triana,,63470
CONNARACEAE,"Connarus williamsii",Britton,,63471
CONNARACEAE,"Rourea adenophora","S.F. Blake",,69202
CONNARACEAE,"Rourea glabra",Kunth,,69203
CONVOLVULACEAE,"Aniseia martinicensis","(Jacq.) Choisy",,61689
CONVOLVULACEAE,"Aniseia martinicensis var. martinicensis",,,78157
CONVOLVULACEAE,"Bonamia trichantha","Hallier f.",,62455
CONVOLVULACEAE,"Ipomoea anisomeres","B.L. Rob. & Bartlett",,65750
CONVOLVULACEAE,"Ipomoea batatas","(L.) Lam.",,65754
CONVOLVULACEAE,"Ipomoea philomega","(Vell.) House",,65772
CONVOLVULACEAE,"Ipomoea quamoclit",L.,,65774
CONVOLVULACEAE,"Ipomoea squamosa",Choisy,,65778
CONVOLVULACEAE,"Ipomoea tiliacea","(Willd.) Choisy",,65779
CONVOLVULACEAE,"Iseia luxurians","(Moric.) O'Donell",,65801
CONVOLVULACEAE,"Maripa nicaraguensis",Hemsl.,,66442
CONVOLVULACEAE,"Maripa panamensis",Hemsl.,,66443
CONVOLVULACEAE,"Merremia umbellata","(L.) Hallier f.",,66659
CONVOLVULACEAE,"Stictocardia tiliifolia","(Desr.) Hallier f.",,70054
CONVOLVULACEAE,"Stictocardia tiliifolia subsp. tiliifolia",,,177470
CORDIACEAE,"Cordia alliodora","(Ruiz & Pav.) Oken",,63514
CORDIACEAE,"Cordia bicolor","A. DC.",,63516
CORDIACEAE,"Cordia lasiocalyx",Pittier,,63525
CORDIACEAE,"Cordia panamensis","L. Riley",,63529
CORDIACEAE,"Cordia spinescens",L.,,81169
CUCURBITACEAE,"Cayaponia glandulosa","(Poepp. & Endl.) Cogn.",,62855
CUCURBITACEAE,"Cayaponia granatensis",Cogn.,,62856
CUCURBITACEAE,"Cayaponia racemosa","(Mill.) Cogn.",,62859
CUCURBITACEAE,"Cayaponia sessiliflora",Wunderlin,,62860
CUCURBITACEAE,"Fevillea cordifolia",L.,,64867
CUCURBITACEAE,"Gurania coccinea",Cogn.,,65202
CUCURBITACEAE,"Gurania makoyana","(Lem.) Cogn.",,65204
CUCURBITACEAE,"Gurania tubulosa",Cogn.,,65207
CUCURBITACEAE,"Luffa cylindrica","(L.) M. Roem.",,66220
CUCURBITACEAE,"Melothria pendula",L.,,66629
CUCURBITACEAE,"Melothria trilobata",Cogn.,,66631
CUCURBITACEAE,"Momordica charantia",L.,,66868
CUCURBITACEAE,"Psiguria triphylla","(Miq.) C. Jeffrey",,68789
CUCURBITACEAE,"Psiguria warscewiczii","(Hook. f.) Wunderlin",,68790
CUCURBITACEAE,"Sicydium schiedeanum",Schltdl.,,69628
DILLENIACEAE,"Davilla kunthii","A. St.-Hil.",,63915
DILLENIACEAE,"Davilla nitida","(Vahl) Kubitzki",,63916
DILLENIACEAE,"Doliocarpus dentatus","(Aubl.) Standl.",,64238
DILLENIACEAE,"Doliocarpus dentatus subsp. dentatus",,,77995
DILLENIACEAE,"Doliocarpus major","J.F. Gmel.",,64240
DILLENIACEAE,"Doliocarpus major subsp. major",,,77996
DILLENIACEAE,"Doliocarpus multiflorus",Standl.,,64241
DILLENIACEAE,"Doliocarpus olivaceus","Sprague & R.O. Williams ex Standl.",,64242
DILLENIACEAE,"Tetracera costata",,,83851
DILLENIACEAE,"Tetracera costata subsp. costata",,,177647
DILLENIACEAE,"Tetracera hydrophila","Triana & Planch.",,70284
DILLENIACEAE,"Tetracera portobellensis",Beurl.,,70286
DILLENIACEAE,"Tetracera volubilis",L.,,70287
DILLENIACEAE,"Tetracera volubilis subsp. volubilis",,,78115
DILLENIACEAE,"Tetracera willdenowiana",Steud.,,70288
EBENACEAE,"Diospyros artanthifolia","Mart. ex Miq.",,64170
ELAEOCARPACEAE,"Sloanea terniflora","(DC.) Standl.",,69713
ELAEOCARPACEAE,"Sloanea zuliaensis",Pittier,,69714
ERYTHROXYLACEAE,"Erythroxylum macrophyllum",Cav.,,64726
ERYTHROXYLACEAE,"Erythroxylum panamense",Turcz.,,64729
EUPHORBIACEAE,"Acalypha diversifolia",Jacq.,,61390
EUPHORBIACEAE,"Acalypha macrostachya",Jacq.,,61393
EUPHORBIACEAE,"Adelia triloba","(Müll. Arg.) Hemsl.",,61438
EUPHORBIACEAE,"Alchornea costaricensis","Pax & K. Hoffm.",,61562
EUPHORBIACEAE,"Alchornea latifolia",Sw.,,61566
EUPHORBIACEAE,"Codiaeum variegatum","(L.) Rumph. ex A. Juss.",,63355
EUPHORBIACEAE,"Croton billbergianus","Müll. Arg.",,63650
EUPHORBIACEAE,"Croton billbergianus subsp. billbergianus",,,166970
EUPHORBIACEAE,"Croton hirtus",L'HÃ©r.,,63657
EUPHORBIACEAE,"Dalechampia cissifolia",Poepp.,,63896
EUPHORBIACEAE,"Dalechampia cissifolia subsp. panamensis","(Pax & K. Hoffm.) G.L. Webster",,77987
EUPHORBIACEAE,"Dalechampia dioscoreifolia",Poepp.,,63897
EUPHORBIACEAE,"Dalechampia tiliifolia",Lam.,,63900
EUPHORBIACEAE,"Drypetes standleyi","G.L. Webster",,64305
EUPHORBIACEAE,"Drypetes variabilis",Uittien,,96854
EUPHORBIACEAE,"Euphorbia heterophylla",L.,,64804
EUPHORBIACEAE,"Euphorbia hirta",L.,,64805
EUPHORBIACEAE,"Euphorbia hypericifolia",L.,,64806
EUPHORBIACEAE,"Euphorbia hyssopifolia",L.,,64807
EUPHORBIACEAE,"Euphorbia thymifolia",L.,,64818
EUPHORBIACEAE,"Garcia nutans",Vahl,,64982
EUPHORBIACEAE,"Hieronyma alchorneoides",Allemão,,65461
EUPHORBIACEAE,"Hieronyma alchorneoides var. alchorneoides",,,78322
EUPHORBIACEAE,"Hieronyma alchorneoides var. stipulosa","P. Franco",,78323
EUPHORBIACEAE,"Hura crepitans",L.,,65546
EUPHORBIACEAE,"Jatropha curcas",L.,,65842
EUPHORBIACEAE,"Mabea occidentalis",Benth.,,66275
EUPHORBIACEAE,"Manihot esculenta",Crantz,,66390
EUPHORBIACEAE,"Margaritaria nobilis","L. f.",,66436
EUPHORBIACEAE,"Omphalea diandra",L.,,67258
EUPHORBIACEAE,"Phyllanthus acuminatus",Vahl,,68060
EUPHORBIACEAE,"Phyllanthus amarus","Schumach. & Thonn.",,68061
EUPHORBIACEAE,"Phyllanthus urinaria",L.,,68072
EUPHORBIACEAE,"Sapium glandulosum","(L.) Morong",,69337
EUPHORBIACEAE,"Sapium pachystachys","K. Schum. & Pittier",,69339
FABACEAE,"Abarema barbouriana","(Standl.) Barneby & J.W. Grimes",,61359
FABACEAE,"Abarema barbouriana var. barbouriana",,,78136
FABACEAE,"Abarema macradenia","(Pittier) Barneby & J.W. Grimes",,61361
FABACEAE,"Acacia hayesii",Benth.,,80077
FABACEAE,"Acacia riparia",Kunth,,80078
FABACEAE,"Aeschynomene americana",L.,,61515
FABACEAE,"Aeschynomene ciliata",Vogel,,61517
FABACEAE,"Aeschynomene sensitiva",Sw.,,61522
FABACEAE,"Andira inermis","(W. Wright) Kunth ex DC.",,61660
FABACEAE,"Andira inermis subsp. inermis",,,77940
FABACEAE,"Bauhinia guianensis",Aubl.,,62242
FABACEAE,"Bauhinia monandra",Kurz,,62244
FABACEAE,"Bauhinia purpurea",L.,,62249
FABACEAE,"Bauhinia reflexa",Schery,,62250
FABACEAE,"Brownea macrophylla","hort. ex Mast.",,62514
FABACEAE,"Caesalpinia pulcherrima","(L.) Sw.",,62593
FABACEAE,"Cajanus cajan","(L.) Huth",,62595
FABACEAE,"Calopogonium caeruleum","(Benth.) C. Wright",,62650
FABACEAE,"Calopogonium mucunoides",Desv.,,62651
FABACEAE,"Canavalia brasiliensis","Mart. ex Benth.",,62711
FABACEAE,"Canavalia dictyota",Piper,,62712
FABACEAE,"Centrosema molle","Mart. ex Benth.",,62908
FABACEAE,"Centrosema pubescens",Benth.,,62911
FABACEAE,"Clitoria arborescens","R. Br.",,63257
FABACEAE,"Clitoria falcata",Lam.,,63259
FABACEAE,"Clitoria javitensis","(Kunth) Benth.",,63261
FABACEAE,"Clitoria javitensis var. portobellensis","(Beurl.) Fantz",,78224
FABACEAE,"Cojoba rufescens","(Benth.) Britton & Rose",,63368
FABACEAE,"Crotalaria cajanifolia",Kunth,,63637
FABACEAE,"Crotalaria retusa",L.,,63643
FABACEAE,"Cymbosema roseum",Benth.,,63828
FABACEAE,"Cynometra bauhiniifolia",Benth.,,63835
FABACEAE,"Dalbergia brownei","(Jacq.) Schinz",,63883
FABACEAE,"Dalbergia ecastaphyllum","(L.) Taub.",,63885
FABACEAE,"Dalbergia monetaria","L. f.",,80172
FABACEAE,"Dalbergia retusa",Hemsl.,,63891
FABACEAE,"Dalbergia retusa var. retusa",,,176723
FABACEAE,"Desmodium adscendens","(Sw.) DC.",,63966
FABACEAE,"Desmodium axillare","(Sw.) DC.",,63970
FABACEAE,"Desmodium axillare var. acutifolium","(Kuntze) Urb.",,78264
FABACEAE,"Desmodium axillare var. stoloniferum","(Rich. ex Poir.) B.G. Schub.",,78266
FABACEAE,"Desmodium cajanifolium","(Kunth) DC.",,63972
FABACEAE,"Desmodium incanum","(Sw.) DC.",,63977
FABACEAE,"Desmodium scorpiurus","(Sw.) Desv.",,63985
FABACEAE,"Desmodium triflorum","(L.) DC.",,63988
FABACEAE,"Desmodium wydlerianum",Urb.,,63989
FABACEAE,"Dialium guianense","(Aubl.) Sandwith",,64003
FABACEAE,"Dioclea guianensis",Benth.,,64133
FABACEAE,"Dioclea reflexa","Hook. f.",,64137
FABACEAE,"Dioclea wilsonii",Standl.,,64141
FABACEAE,"Dipteryx oleifera",Benth.,,64222
FABACEAE,"Entada gigas","(L.) Fawc. & Rendle",,64509
FABACEAE,"Entada monostachya",DC.,,64510
FABACEAE,"Entada polystachya","(L.) DC.",,64511
FABACEAE,"Entada rheedii",Spreng.,,176822
FABACEAE,"Enterolobium cyclocarpum","(Jacq.) Griseb.",,64513
FABACEAE,"Enterolobium schomburgkii","(Benth.) Benth.",,64514
FABACEAE,"Erythrina costaricensis",Micheli,,64709
FABACEAE,"Erythrina fusca",Lour.,,64712
FABACEAE,"Fairchildia panamensis","(Benth.) Britton & Rose",,77589
FABACEAE,"Gliricidia sepium","(Jacq.) Kunth ex Walp.",,65046
FABACEAE,"Hymenaea courbaril",L.,,65580
FABACEAE,"Indigofera trita","L. f.",,65685
FABACEAE,"Indigofera trita subsp. scabra","(Roth) de Kort & G. Thijsse",,78012
FABACEAE,"Inga acuminata",Benth.,,65687
FABACEAE,"Inga alba","(Sw.) Willd.",,65689
FABACEAE,"Inga cocleensis",Pittier,,65695
FABACEAE,"Inga coruscans","Humb. & Bonpl. ex Willd.",,65697
FABACEAE,"Inga edulis",Mart.,,80208
FABACEAE,"Inga goldmanii",Pittier,,65703
FABACEAE,"Inga hayesii",Benth.,,65704
FABACEAE,"Inga laurina","(Sw.) Willd.",,65709
FABACEAE,"Inga marginata",Willd.,,65713
FABACEAE,"Inga mucuna","Walp. & Duchass.",,65716
FABACEAE,"Inga multijuga",Benth.,,65717
FABACEAE,"Inga multijuga subsp. multijuga",,,171322
FABACEAE,"Inga nobilis",Willd.,,65718
FABACEAE,"Inga nobilis subsp. quaternata","(Poepp.) T.D. Penn.",,78013
FABACEAE,"Inga oerstediana","Benth. ex Seem.",,65719
FABACEAE,"Inga pauciflora","Duchass. ex Walp.",,65720
FABACEAE,"Inga pavoniana","G. Don",,65721
FABACEAE,"Inga pezizifera",Benth.,,65722
FABACEAE,"Inga punctata",Willd.,,65726
FABACEAE,"Inga quaternata",Poepp.,,65727
FABACEAE,"Inga ruiziana","G. Don",,65729
FABACEAE,"Inga sapindoides",Willd.,,65732
FABACEAE,"Inga semialata","(Vell.) Mart.",,65733
FABACEAE,"Inga spectabilis","(Vahl) Willd.",,65737
FABACEAE,"Inga thibaudiana",DC.,,65740
FABACEAE,"Inga umbellifera","(Vahl) Steud.",,65741
FABACEAE,"Inga vera",Willd.,,65744
FABACEAE,"Inga vera subsp. vera",,,78015
FABACEAE,"Leucaena multicapitula",Schery,,66087
FABACEAE,"Leucaena trichodes","(Jacq.) Benth.",,66088
FABACEAE,"Lonchocarpus heptaphyllus","(Poir.) DC.",,66175
FABACEAE,"Lonchocarpus luteomaculatus",Pittier,,66177
FABACEAE,"Lonchocarpus pentaphyllus","(Poir.) Kunth ex DC.",,66183
FABACEAE,"Lonchocarpus velutinus","Benth. ex Seem.",,66186
FABACEAE,"Machaerium arboreum","(Jacq.) Benth.",,66277
FABACEAE,"Machaerium darienense",Pittier,,66282
FABACEAE,"Machaerium floribundum",Benth.,,66283
FABACEAE,"Machaerium floribundum var. floribundum",,,122504
FABACEAE,"Machaerium isadelphum","(E. Mey.) Amshoff",,66285
FABACEAE,"Machaerium kegelii",Meisn.,,66286
FABACEAE,"Machaerium microphyllum","(E. Mey.) Standl.",,66287
FABACEAE,"Machaerium milleflorum",Pittier,,66288
FABACEAE,"Machaerium polyphyllum",(Poir.)Benth.,,177118
FABACEAE,"Machaerium salvadorense","(Donn. Sm.) Rudd",,66291
FABACEAE,"Machaerium seemannii","Benth. ex Seem.",,66292
FABACEAE,"Mimosa casta",L.,,66842
FABACEAE,"Mimosa pigra",L.,,66847
FABACEAE,"Mimosa pigra var. pigra",,,177176
FABACEAE,"Mimosa pudica",L.,,66849
FABACEAE,"Mimosa pudica var. unijuga","(Duchass. & Walp.) Griseb., 1857",,80353
FABACEAE,"Mucuna mutisiana","(Kunth) DC.",,66954
FABACEAE,"Mucuna rostrata",Benth.,,66956
FABACEAE,"Myrospermum frutescens",Jacq.,,67006
FABACEAE,"Ormosia amazonica",Ducke,,67340
FABACEAE,"Ormosia coccinea","(Aubl.) Jacks.",,67341
FABACEAE,"Ormosia coccinea var. subsimplex","(Spruce ex Benth.) Rudd",,78385
FABACEAE,"Ormosia macrocalyx",Ducke,,67343
FABACEAE,"Ormosia panamensis","Benth. ex Seem.",,67344
FABACEAE,"Pithecellobium hymenaeifolium","(Humb. & Bonpl. ex Willd.) Benth.",,68397
FABACEAE,"Platymiscium pinnatum","(Jacq.) Dugand",,68417
FABACEAE,"Platymiscium pinnatum subsp. polystachyum","(Benth. ex Seem.) Klitg.",,78063
FABACEAE,"Platypodium elegans",Vogel,,68418
FABACEAE,"Platypodium elegans subsp. maxonianum","(Pittier) H.C. Lima",,78064
FABACEAE,"Prioria copaifera",Griseb.,,68706
FABACEAE,"Pseudosamanea guachapele","(Kunth) Harms",,68781
FABACEAE,"Pterocarpus hayesii",Hemsl.,,68944
FABACEAE,"Pterocarpus officinalis",Jacq.,,68947
FABACEAE,"Pterocarpus rohrii",Vahl,,68948
FABACEAE,"Rhynchosia erythrinoides","Schltdl. & Cham.",,69105
FABACEAE,"Rhynchosia pyramidalis","(Lam.) Urb.",,69108
FABACEAE,"Schizolobium parahyba","(Vell.) S.F. Blake",,69433
FABACEAE,"Senegalia croatii","Seigler & Ebinger",,171905
FABACEAE,"Senegalia hayesii","(Benth.) Britton & Rose",,77868
FABACEAE,"Senegalia polyphylla","(DC.) Britton",,155668
FABACEAE,"Senegalia riparia","(Kunth) Britton",,77869
FABACEAE,"Senegalia tenuifolia","(L.) Britton & Rose",,77870
FABACEAE,"Senna bacillaris","(L. f.) H.S. Irwin & Barneby",,69563
FABACEAE,"Senna bacillaris var. bacillaris",,,78467
FABACEAE,"Senna dariensis","(Britton & Rose) H.S. Irwin & Barneby",,69569
FABACEAE,"Senna dariensis var. gatunensis","(Britton) H.S. Irwin & Barneby",,78470
FABACEAE,"Senna reticulata","(Willd.) H.S. Irwin & Barneby",,69587
FABACEAE,"Senna undulata","(Benth.) H.S. Irwin & Barneby",,69591
FABACEAE,"Swartzia ochnacea",DC.,,70115
FABACEAE,"Swartzia panamensis",Benth.,,80330
FABACEAE,"Swartzia simplex","(Sw.) Spreng.",,70118
FABACEAE,"Swartzia simplex var. continentalis",Urb.,,78483
FABACEAE,"Swartzia simplex var. grandiflora","(Raddi) R.S. Cowan",,78484
FABACEAE,"Swartzia simplex var. ochnacea","(DC.) R.S. Cowan, 1968",,80355
FABACEAE,"Tachigali panamensis","van der Werff & N. Zamora",,182122
FABACEAE,"Tachigali versicolor","Standl. & L.O. Williams",,70181
FABACEAE,"Tamarindus indica",L.,,70201
FABACEAE,"Teramnus uncinatus","(L.) Sw.",,70258
FABACEAE,"Teramnus volubilis",Sw.,,70259
FABACEAE,"Vachellia cornigera","(L.) Seigler & Ebinger",,181817
FABACEAE,"Vachellia farnesiana","(L.) Wight & Arn.",,172085
FABACEAE,"Vachellia melanoceras","(Beurl.) Seigler & Ebinger",,172087
FABACEAE,"Vatairea erythrocarpa","(Ducke) Ducke",,70761
FABACEAE,"Vigna longifolia","(Benth.) Verdc.",,70792
FABACEAE,"Vigna peduncularis","(Kunth) Fawc. & Rendle",,70794
FABACEAE,"Vigna vexillata","(L.) A. Rich.",,70796
FABACEAE,"Zygia dinizii","(Ducke) D.A. Neill, G.P. Lewis & Klitg.",,71031
FLACOURTIACEAE,"Banara guianensis",Aubl.,,62211
FLACOURTIACEAE,"Casearia aculeata",Jacq.,,62770
FLACOURTIACEAE,"Casearia arborea","(Rich.) Urb.",,62771
FLACOURTIACEAE,"Casearia arguta",Kunth,,62772
FLACOURTIACEAE,"Casearia bicolor",Urb.,,181513
FLACOURTIACEAE,"Casearia commersoniana",Cambess.,,62776
FLACOURTIACEAE,"Casearia guianensis","(Aubl.) Urb.",,62779
FLACOURTIACEAE,"Casearia sylvestris",Sw.,,62785
FLACOURTIACEAE,"Casearia sylvestris var. lingua","(Cambessedes) Eichler",,159210
FLACOURTIACEAE,"Casearia thamnia","(L.) T. Samar. & M. H. Alford",,181517
FLACOURTIACEAE,"Hasseltia floribunda",Kunth,,65306
FLACOURTIACEAE,"Lindackeria laurina","C. Presl",,66115
FLACOURTIACEAE,"Tetrathylacium johansenii",Standl.,,70304
FLACOURTIACEAE,"Xylosma chlorantha","Donn. Sm.",,70971
FLACOURTIACEAE,"Xylosma oligandra","Donn. Sm.",,70976
GENTIANACEAE,"Chelonanthus acutangulus","(Ruiz & Pav.) Gilg",,63011
GENTIANACEAE,"Schultesia lisianthoides","(Griseb.) Benth. & Hook. f. ex Hemsl.",,69455
GENTIANACEAE,"Voyria alba",,,121401
GENTIANACEAE,"Voyria tenella",Hook.,,70851
GENTIANACEAE,"Voyria truncata","(Standl.) Standl. & Steyerm.",,70852
GESNERIACEAE,"Chrysothemis friedrichsthaliana","(Hanst.) H.E. Moore",,63095
GESNERIACEAE,"Chrysothemis panamensis","(Seem.) M. M. Mora & J. L. Clark",,181520
GESNERIACEAE,"Codonanthe crassifolia","(H. Focke) C.V. Morton",,63357
GESNERIACEAE,"Codonanthe uleana",Fritsch,,63360
GESNERIACEAE,"Codonanthopsis crassifolia","Chautems & Mat. Perret",,166915
GESNERIACEAE,"Codonanthopsis uleana","Chautems & Mat. Perret",,166917
GESNERIACEAE,"Columnea billbergiana",Beurl.,,63390
GESNERIACEAE,"Columnea purpurata",Hanst.,,63426
GESNERIACEAE,"Diastema racemiferum",Benth.,,64007
GESNERIACEAE,"Drymonia serrulata","(Jacq.) Mart.",,64292
GESNERIACEAE,"Kohleria tubiflora","(Cav.) Hanst.",,65916
HELIOTROPIACEAE,"Heliotropium cuspidatum","(Kunth) Feuillet",,181523
HELIOTROPIACEAE,"Heliotropium indicum",L.,,65399
HELIOTROPIACEAE,"Tournefortia angustiflora","Ruiz & Pav.",,70476
HELIOTROPIACEAE,"Tournefortia bicolor",Sw.,,70477
HELIOTROPIACEAE,"Tournefortia hirsutissima",L.,,70480
HIPPOCRATEACEAE,"Anthodon panamense","A.C. Sm.",,80087
HIPPOCRATEACEAE,"Cheiloclinium obtusum","A.C. Sm.",,63008
HIPPOCRATEACEAE,"Cuervea kappleriana","(Miq.) A.C. Sm.",,63713
HIPPOCRATEACEAE,"Hippocratea volubilis",L.,,65472
HIPPOCRATEACEAE,"Hylenaea praecelsa","(Miers) A.C. Sm.",,65569
HIPPOCRATEACEAE,"Prionostemma asperum","(Lam.) Miers",,68705
HIPPOCRATEACEAE,"Tontelea ovalifolia",,,70468
HIPPOCRATEACEAE,"Tontelea passiflora","(Vell.) Lombardi",,70469
HUMIRIACEAE,"Vantanea depleta",McPherson,,70757
HYPERICACEAE,"Vismia baccifera","(L.) Triana & Planch.",,70811
HYPERICACEAE,"Vismia billbergiana",Beurl.,,70812
HYPERICACEAE,"Vismia guianensis","(Aubl.) Pers.",,70814
HYPERICACEAE,"Vismia jefensis","N. Robson",,70815
HYPERICACEAE,"Vismia latisepala","N. Robson",,70817
HYPERICACEAE,"Vismia macrophylla",Kunth,,70818
LACISTEMATACEAE,"Lacistema aggregatum","(P.J. Bergius) Rusby",,65930
LACISTEMATACEAE,"Lozania pittieri","(S.F. Blake) L.B. Sm.",,66195
LAMIACEAE,"Cantinoa mutabilis","(Rich.) Harley & J.F.B.Pastore",,180823
LAMIACEAE,"Hyptis capitata",Jacq.,,65643
LAMIACEAE,"Hyptis mutabilis","(Rich.) Briq.",,65647
LAMIACEAE,"Plectranthus scutellarioides","(L.) R. Br.",,77811
LAMIACEAE,"Salvia occidentalis",Sw.,,69316
LAURACEAE,"Beilschmiedia pendula","(Sw.) Hemsl.",,62297
LAURACEAE,"Beilschmiedia tovarensis","(Klotzsch & H. Karst. ex Meisn.) Sach. Nishida",,62299
LAURACEAE,"Cinnamomum triplinerve","(Ruiz & Pav.) Kosterm.",,63129
LAURACEAE,"Damburneya purpurea","(Ruiz & Pav.) Trofimov",,180848
LAURACEAE,"Damburneya umbrosa","(Kunth) Trofimov",,180850
LAURACEAE,"Nectandra cissiflora",Nees,,67036
LAURACEAE,"Nectandra globosa","(Aubl.) Mez",,67039
LAURACEAE,"Nectandra latifolia",Mez,,107565
LAURACEAE,"Nectandra lineata","(Kunth) Rohwer",,67041
LAURACEAE,"Nectandra martinicensis",Mez,,67043
LAURACEAE,"Nectandra umbrosa","(Kunth) Mez",,67053
LAURACEAE,"Ocotea cernua","(Nees) Mez",,67177
LAURACEAE,"Ocotea oblonga","(Meisn.) Mez",,67199
LAURACEAE,"Ocotea puberula","(Rich.) Nees",,67204
LAURACEAE,"Ocotea whitei",Woodson,,67215
LAURACEAE,"Persea americana",Mill.,,67889
LAURACEAE,"Persea americana var. americana",,,78406
LECYTHIDACEAE,"Couratari guianensis",Aubl.,,63577
LECYTHIDACEAE,"Grias cauliflora",L.,,65143
LECYTHIDACEAE,"Gustavia fosteri","S.A. Mori",,65210
LECYTHIDACEAE,"Gustavia superba","(Kunth) O. Berg",,65215
LENTIBULARIACEAE,"Utricularia foliosa",L.,,70720
LENTIBULARIACEAE,"Utricularia gibba",L.,,70721
LINDERNIACEAE,"Vandellia diffusa",L.,,181546
LOGANIACEAE,"Spigelia anthelmia",L.,,69939
LOGANIACEAE,"Spigelia hamelioides",Kunth,,69940
LOGANIACEAE,"Spigelia humboldtiana","Cham. & Schltdl.",,80322
LOGANIACEAE,"Strychnos brachistantha",Standl.,,70092
LOGANIACEAE,"Strychnos darienensis",Seem.,,70095
LOGANIACEAE,"Strychnos panamensis",Seem.,,70097
LOGANIACEAE,"Strychnos panamensis var. panamensis",,,177604
LOGANIACEAE,"Strychnos toxifera","R.H. Schomb. ex Lindl.",,70100
LORANTHACEAE,"Oryctanthus alveolatus","(Kunth) Kuijt",,67358
LORANTHACEAE,"Oryctanthus callicarpus",Kuijt,,180986
LORANTHACEAE,"Oryctanthus occidentalis","(L.) Eichler",,67360
LORANTHACEAE,"Oryctanthus spicatus","(Jacq.) Eichler",,67361
LORANTHACEAE,"Passovia pyrifolia","(Kunth) Tiegh.",,77767
LORANTHACEAE,"Peristethium leptostachyum","(Kunth) Tiegh.",,77770
LORANTHACEAE,"Phthirusa pyrifolia","Eichler in Mart.",,80265
LORANTHACEAE,"Struthanthus orbicularis","(Kunth) Blume",,70087
LYTHRACEAE,"Adenaria floribunda",Kunth,,61443
LYTHRACEAE,"Cuphea carthagenensis","(Jacq.) J.F. Macbr.",,63734
LYTHRACEAE,"Lafoensia punicifolia",DC.,,65948
MALPIGHIACEAE,"Adelphia hiraea","(Gaertn.) W.R. Anderson",,61441
MALPIGHIACEAE,"Bronwenia wurdackii","(B. Gates) W.R. Anderson & C. Davis",,90985
MALPIGHIACEAE,"Bunchosia nitida","(Jacq.) DC.",,62552
MALPIGHIACEAE,"Byrsonima crassifolia","(L.) Kunth",,62583
MALPIGHIACEAE,"Byrsonima spicata","(Cav.) DC.",,62587
MALPIGHIACEAE,"Heteropterys laurifolia","(L.) A. Juss.",,65435
MALPIGHIACEAE,"Heteropterys panamensis","Cuatrec. & Croat",,65440
MALPIGHIACEAE,"Hiraea faginea","(Sw.) Nied.",,65477
MALPIGHIACEAE,"Hiraea grandifolia","Standl. & L.O. Williams",,65478
MALPIGHIACEAE,"Hiraea quapara","(Aubl.) Sprague",,65480
MALPIGHIACEAE,"Hiraea reclinata",Jacq.,,65481
MALPIGHIACEAE,"Hiraea smilacina",Standl.,,65482
MALPIGHIACEAE,"Malpighia romeroana",Cuatrec.,,66364
MALPIGHIACEAE,"Mascagnia divaricata","(Kunth) Nied.",,66459
MALPIGHIACEAE,"Mascagnia ovatifolia","(Kunth) Griseb.",,66460
MALPIGHIACEAE,"Spachea membranacea",Cuatrec.,,69875
MALPIGHIACEAE,"Stigmaphyllon ellipticum","(Kunth) A. Juss.",,70057
MALPIGHIACEAE,"Stigmaphyllon hypargyreum","Triana & Planch.",,70059
MALPIGHIACEAE,"Stigmaphyllon lindenianum","A. Juss.",,70060
MALPIGHIACEAE,"Stigmaphyllon puber","(Rich.) A. Juss.",,155861
MALPIGHIACEAE,"Tetrapterys discolor","(G. Mey.) DC.",,70293
MALPIGHIACEAE,"Tetrapterys goudotiana","Triana & Planch.",,70296
MALPIGHIACEAE,"Tetrapterys seemannii","Triana & Planch.",,70299
MALVACEAE,"Abelmoschus moschatus",Medik.,,61365
MALVACEAE,"Hampea albipetala",Cuatrec.,,65297
MALVACEAE,"Hampea appendiculata","(Donn. Sm.) Standl.",,65298
MALVACEAE,"Hampea appendiculata var. longicalyx",Fryxell,,78309
MALVACEAE,"Hibiscus bifurcatus",Cav.,,65445
MALVACEAE,"Hibiscus rosa-sinensis",L.,,65451
MALVACEAE,"Hibiscus sororius",L.,,65454
MALVACEAE,"Pavonia castaneifolia","A. St.-Hil. & Naudin",,67672
MALVACEAE,"Pavonia dasypetala",Turcz.,,67674
MALVACEAE,"Pavonia paniculata",Cav.,,67681
MALVACEAE,"Pavonia rosea","Wall. ex Moris",,67685
MALVACEAE,"Pavonia schiedeana",Steud.,,67686
MALVACEAE,"Sida acuta","Burm. f.",,69631
MALVACEAE,"Sida hirsutissima",Mill.,,69639
MALVACEAE,"Sida rhombifolia",L.,,69646
MALVACEAE,"Sida ulmifolia",Mill.,,69650
MALVACEAE,"Urena lobata",L.,,70700
MARCGRAVIACEAE,"Marcgravia nepenthoides",Seem.,,66427
MARCGRAVIACEAE,"Souroubea sympetala",Gilg,,69870
MELASTOMATACEAE,"Adelobotrys adscendens","(Sw.) Triana",,61439
MELASTOMATACEAE,"Arthrostemma alatum",Triana,,62029
MELASTOMATACEAE,"Arthrostemma ciliatum","Pav. ex D. Don",,62030
MELASTOMATACEAE,"Bellucia grossularioides","(L.) Triana",,62302
MELASTOMATACEAE,"Blakea parasitica","(Aubl.) D. Don",,172263
MELASTOMATACEAE,"Chaetogastra longifolia","(Vahl) DC.",,181519
MELASTOMATACEAE,"Henriettea succosa","(Aubl.) DC.",,65411
MELASTOMATACEAE,"Miconia affinis",DC.,,66673
MELASTOMATACEAE,"Miconia argentea","(Sw.) DC.",,66682
MELASTOMATACEAE,"Miconia barbinervis","(Benth.) Triana",,66685
MELASTOMATACEAE,"Miconia cinnamomea",Beurl.,,181531
MELASTOMATACEAE,"Miconia conobracteata",Michelang.,,181532
MELASTOMATACEAE,"Miconia conospeciosa",Michelang.,,180948
MELASTOMATACEAE,"Miconia dentata","(D. Don) Michelang.",,181533
MELASTOMATACEAE,"Miconia dependens","(D. Don) Judd & Majure",,181534
MELASTOMATACEAE,"Miconia elata","(Sw.) DC.",,66717
MELASTOMATACEAE,"Miconia formicocollina",Michelang.,,180950
MELASTOMATACEAE,"Miconia hondurensis","Donn. Sm.",,66728
MELASTOMATACEAE,"Miconia impetiolaris","(Sw.) D. Don ex DC.",,66731
MELASTOMATACEAE,"Miconia impetiolaris var. impetiolaris",,,78363
MELASTOMATACEAE,"Miconia lacera","(Bonpl.) Naudin",,66736
MELASTOMATACEAE,"Miconia lateriflora",Cogn.,,66737
MELASTOMATACEAE,"Miconia lonchophylla",Naudin,,66741
MELASTOMATACEAE,"Miconia minutiflora","(Bonpl.) DC.",,66746
MELASTOMATACEAE,"Miconia nervosa","(Sm.) Triana",,66752
MELASTOMATACEAE,"Miconia octona","(Bonpl.) Judd & Majure",,181535
MELASTOMATACEAE,"Miconia prasina","(Sw.) DC.",,66761
MELASTOMATACEAE,"Miconia purpureoviolacea","(Cogn.) Michelang.",,181536
MELASTOMATACEAE,"Miconia quinquenervia","(Mill.) Gamba & Almeda",,66766
MELASTOMATACEAE,"Miconia rubescens","(Triana) Gamba & Almeda",,181537
MELASTOMATACEAE,"Miconia rufostellulata",Pittier,,66773
MELASTOMATACEAE,"Miconia serrulata","(DC.) Naudin",,66777
MELASTOMATACEAE,"Miconia shattuckii",Standl.,,66778
MELASTOMATACEAE,"Miconia sulcicaulis","(Poepp. ex Naudin) Ocampo & Almeda",,181538
MELASTOMATACEAE,"Miconia xalapensis","(Bonpl.) M. Gomez",,177167
MELASTOMATACEAE,"Mouriri myrtilloides","(Sw.) Poir.",,66946
MELASTOMATACEAE,"Mouriri myrtilloides subsp. parvifolia","(Benth.) Morley",,78033
MELASTOMATACEAE,"Schwackaea cupheoides","(Benth.) Cogn.",,69461
MELASTOMATACEAE,"Topobea parasitica",Aubl.,,70474
MELIACEAE,"Cedrela odorata",L.,,62874
MELIACEAE,"Guarea grandifolia",DC.,,80197
MELIACEAE,"Guarea guidonia","(L.) Sleumer",,65157
MELIACEAE,"Swietenia macrophylla",King,,70120
MELIACEAE,"Trichilia cipo","(A. Juss.) C. DC.",,70526
MELIACEAE,"Trichilia hirta",L.,,70529
MELIACEAE,"Trichilia pallida",Sw.,,70533
MELIACEAE,"Trichilia pleeana","(A. Juss.) C. DC.",,70534
MELIACEAE,"Trichilia tuberculata","(Triana & Planch.) C. DC.",,70539
MENISPERMACEAE,"Abuta racemosa","(Thunb.) Triana & Planch.",,61370
MENISPERMACEAE,"Abuta seemannii","Triana & Planch.",,176304
MENISPERMACEAE,"Chondrodendron tomentosum","Ruiz & Pav.",,63044
MENISPERMACEAE,"Cissampelos pareira",L.,,63141
MENISPERMACEAE,"Cissampelos tropaeolifolia",DC.,,63142
MENISPERMACEAE,"Disciphania ernstii",Eichler,,64224
MENISPERMACEAE,"Disciphania ernstii var. ernstii",,,78276
MENISPERMACEAE,"Odontocarya tamoides","(DC.) Miers",,67225
MENISPERMACEAE,"Odontocarya tamoides var. canescens","(Miers) Barneby",,78379
MENISPERMACEAE,"Odontocarya truncata",Standl.,,67227
MENYANTHACEAE,"Nymphoides indica","(L.) Kuntze",,67163
MENYANTHACEAE,"Nymphoides indica subsp. indica",,,159382
MONIMIACEAE,"Siparuna cristata","(Poepp. & Endl.) A. DC.",,69684
MONIMIACEAE,"Siparuna guianensis",Aubl.,,69688
MONIMIACEAE,"Siparuna pauciflora","(Beurl.) A. DC.",,69690
MORACEAE,"Artocarpus communis","J. R. Forst. & G. Forst.",,181510
MORACEAE,"Brosimum alicastrum",Sw.,,62505
MORACEAE,"Brosimum alicastrum subsp. bolivarense","(Pittier) C.C. Berg, 1970",,122004
MORACEAE,"Castilla elastica",Sessé,,62794
MORACEAE,"Castilla elastica var. costaricana","(Liebm.) C.C. Berg",,78195
MORACEAE,"Ficus americana",Aubl.,,64869
MORACEAE,"Ficus americana subsp. americana",,,78000
MORACEAE,"Ficus bullenei","I.M. Johnst.",,80187
MORACEAE,"Ficus colubrinae",Standl.,,64882
MORACEAE,"Ficus costaricana","(Liebm.) Miq.",,64883
MORACEAE,"Ficus crocata","(Miq.) Miq.",,64885
MORACEAE,"Ficus dugandii",Standl.,,80188
MORACEAE,"Ficus insipida",Willd.,,64890
MORACEAE,"Ficus maxima",Mill.,,64895
MORACEAE,"Ficus microcarpa","L. f.",,64896
MORACEAE,"Ficus nymphaeifolia",Mill.,,64897
MORACEAE,"Ficus obtusifolia",Kunth,,64898
MORACEAE,"Ficus paraensis","(Miq.) Miq.",,64900
MORACEAE,"Ficus perforata",Miq.,,80189
MORACEAE,"Ficus pertusa","L. f.",,64901
MORACEAE,"Ficus popenoei",Standl.,,64902
MORACEAE,"Ficus tonduzii",Standl.,,64908
MORACEAE,"Ficus trigonata",L.,,64909
MORACEAE,"Ficus yoponensis",Desv.,,64913
MORACEAE,"Maquira guianensis",Aubl.,,66405
MORACEAE,"Maquira guianensis subsp. costaricana","(Standl.) C.C. Berg",,78030
MORACEAE,"Perebea angustifolia","(Poepp. & Endl.) C.C. Berg",,67874
MORACEAE,"Perebea xanthochyma","H. Karst.",,67876
MORACEAE,"Poulsenia armata","(Miq.) Standl.",,68641
MORACEAE,"Pseudolmedia spuria","(Sw.) Griseb.",,68777
MORACEAE,"Sorocea affinis",Hemsl.,,69863
MORACEAE,"Sorocea ruminata","C.C. Berg",,69866
MORACEAE,"Trophis caucana","(Pittier) C.C. Berg",,70662
MORACEAE,"Trophis racemosa","(L.) Urb.",,70665
MUNTINGIACEAE,"Muntingia calabura",L.,,66971
MYRISTICACEAE,"Virola fosteri","D. Santam.",,181821
MYRISTICACEAE,"Virola sebifera",Aubl.,,70809
MYRISTICACEAE,"Virola surinamensis","(Rol. ex Rottb.) Warb.",,70810
MYRSINACEAE,"Ardisia bartlettii",Lundell,,61940
MYRSINACEAE,"Ardisia bartlettii subsp. bartlettii",,,176467
MYRSINACEAE,"Ardisia colombiana",Lundell,,61944
MYRSINACEAE,"Ardisia fendleri",Lundell,,61957
MYRSINACEAE,"Ardisia fruticosa",Lundell,,61960
MYRSINACEAE,"Ardisia guianensis","(Aubl.) Mez",,61965
MYRSINACEAE,"Ardisia guyanensis",,,88988
MYRSINACEAE,"Ardisia opaca",Lundell,,61980
MYRSINACEAE,"Ardisia pellucida",Oerst.,,61984
MYRSINACEAE,"Ardisia pellucida subsp. pellucida",,,77954
MYRSINACEAE,"Ardisia standleyana","P. H. Allen",,80094
MYRSINACEAE,"Ardisia subsessilifolia",Lundell,,61992
MYRSINACEAE,"Parathesis fusca","(Oerst.) Mez",,109505
MYRSINACEAE,"Parathesis microcalyx","Donn. Sm.",,67515
MYRSINACEAE,"Stylogyne turbacensis","(Kunth) Mez",,70104
MYRSINACEAE,"Stylogyne turbacensis subsp. laevis","(Oerst.) Ricketson & Pipoly",,78110
MYRSINACEAE,"Stylogyne turbacensis subsp. turbacensis",,,122162
MYRTACEAE,"Calycolpus warszewiczianus","O. Berg",,62654
MYRTACEAE,"Chamguava schippii","(Standl.) L.R. Landrum",,62995
MYRTACEAE,"Eugenia coloradoensis",Standl.,,64772
MYRTACEAE,"Eugenia galalonensis","(C. Wright ex Griseb.) Krug & Urb.",,64777
MYRTACEAE,"Eugenia hiraeifolia",Standl.,,64780
MYRTACEAE,"Eugenia nesiotica",Standl.,,64783
MYRTACEAE,"Eugenia oerstediana","O. Berg",,64785
MYRTACEAE,"Eugenia principium",McVaugh,,64787
MYRTACEAE,"Eugenia uniflora",L.,,64792
MYRTACEAE,"Eugenia venezuelensis","O. Berg",,64793
MYRTACEAE,"Myrcia fosteri",Croat,,66987
MYRTACEAE,"Myrcia splendens","(Sw.) DC.",,66996
MYRTACEAE,"Psidium friedrichsthalianum","(O. Berg) Nied.",,68784
MYRTACEAE,"Psidium guajava",L.,,68785
MYRTACEAE,"Syzygium jambos","(L.) Alston",,70155
MYRTACEAE,"Syzygium malaccense","(L.) Merr. & L.M. Perry",,70156
MYRTACEAE,"Syzygium melanostictum","(Miq.) Craven & Biffin",,181540
NYCTAGINACEAE,"Boerhavia coccinea",Mill.,,62427
NYCTAGINACEAE,"Guapira standleyana",Woodson,,65153
NYCTAGINACEAE,"Neea amplifolia","Donn. Sm.",,67055
NYCTAGINACEAE,"Neea pittieri",Standl.,,107603
NYCTAGINACEAE,"Pisonia aculeata",L.,,68369
NYMPHAEACEAE,"Nymphaea ampla","(Salisb.) DC.",,67158
NYMPHAEACEAE,"Nymphaea blanda",Planch.,,80247
NYMPHAEACEAE,"Nymphaea conardii",Wiersema,,67159
OCHNACEAE,"Cespedesia spathulata","(Ruiz & Pav.) Planch.",,62931
OCHNACEAE,"Ouratea lucens","(Kunth) Engl.",,67379
OCHNACEAE,"Quiina schippii",Standl.,,69004
OLACACEAE,"Heisteria acuminata","(Bonpl.) Engl.",,65323
OLACACEAE,"Heisteria concinna",Standl.,,65324
OLACACEAE,"Heisteria macrophylla",Oerst.,,65327
ONAGRACEAE,"Ludwigia decurrens",Walter,,66199
ONAGRACEAE,"Ludwigia dodecandra","(DC.) Zardini & P.H. Raven",,66200
ONAGRACEAE,"Ludwigia erecta","(L.) H. Hara",,66201
ONAGRACEAE,"Ludwigia helminthorrhiza","(Mart.) H. Hara",,66203
ONAGRACEAE,"Ludwigia leptocarpa","(Nutt.) H. Hara",,66207
ONAGRACEAE,"Ludwigia octovalvis","(Jacq.) P.H. Raven",,66209
ONAGRACEAE,"Ludwigia torulosa","(Arn.) H. Hara",,66213
OXALIDACEAE,"Averrhoa carambola",L.,,62153
PASSIFLORACEAE,"Passiflora ambigua",Hemsl.,,67578
PASSIFLORACEAE,"Passiflora auriculata",Kunth,,67581
PASSIFLORACEAE,"Passiflora biflora",Lam.,,67583
PASSIFLORACEAE,"Passiflora foetida",L.,,67595
PASSIFLORACEAE,"Passiflora megacoriacea",Porter-Utley,,109736
PASSIFLORACEAE,"Passiflora menispermifolia",Kunth,,67605
PASSIFLORACEAE,"Passiflora misera",Kunth,,67607
PASSIFLORACEAE,"Passiflora nitida",Kunth,,67609
PASSIFLORACEAE,"Passiflora platyloba",Killip,,67614
PASSIFLORACEAE,"Passiflora platyloba var. pubescens","(Griseb.) J.M. MacDougal",,78392
PASSIFLORACEAE,"Passiflora sandrae","J.M. MacDougal",,67617
PASSIFLORACEAE,"Passiflora seemannii",Griseb.,,67618
PASSIFLORACEAE,"Passiflora vitifolia",Kunth,,67627
PHYTOLACCACEAE,"Petiveria alliacea",L.,,67899
PHYTOLACCACEAE,"Phytolacca rivinoides","Kunth & C.D. Bouché",,68090
PICRAMNIACEAE,"Picramnia latifolia",Tul.,,68095
PIPERACEAE,"Peperomia ciliolibractea","C. DC.",,67759
PIPERACEAE,"Peperomia cordulata","C. DC.",,67761
PIPERACEAE,"Peperomia ebingeri",Yunck.,,67774
PIPERACEAE,"Peperomia elata","C. DC.",,67775
PIPERACEAE,"Peperomia glabella","(Sw.) A. Dietr.",,67782
PIPERACEAE,"Peperomia macrostachya","A. Dietr.",,80259
PIPERACEAE,"Peperomia macrostachyos","(Vahl) A. Dietr.",,67802
PIPERACEAE,"Peperomia mameiana","C. DC.",,67806
PIPERACEAE,"Peperomia obscurifolia","C. DC.",,67811
PIPERACEAE,"Peperomia pellucida","(L.) Kunth",,67816
PIPERACEAE,"Peperomia portobellensis",Beurl.,,67824
PIPERACEAE,"Peperomia rotundifolia","(L.) Kunth",,67835
PIPERACEAE,"Peperomia tenuifolia","C. DC.",,67850
PIPERACEAE,"Piper aequale",Vahl,,68165
PIPERACEAE,"Piper albopunctulatissimum","Trel. in Woodson & Schery",,111429
PIPERACEAE,"Piper amphioxys",Trel.,,68170
PIPERACEAE,"Piper arboreum",Aubl.,,68171
PIPERACEAE,"Piper auritum",Kunth,,68179
PIPERACEAE,"Piper biauritum","C. DC.",,68181
PIPERACEAE,"Piper cabagranum","C. DC.",,68187
PIPERACEAE,"Piper cordulatum","C. DC.",,68206
PIPERACEAE,"Piper culebranum","C. DC.",,80268
PIPERACEAE,"Piper darienense","C. DC.",,68215
PIPERACEAE,"Piper dilatatum",Rich.,,68219
PIPERACEAE,"Piper grande",Vahl,,68241
PIPERACEAE,"Piper hispidum",Sw.,,68248
PIPERACEAE,"Piper leptocladum","C. DC.",,68261
PIPERACEAE,"Piper lucigaudens","C. DC.",,68265
PIPERACEAE,"Piper marginatum","(Kunth) Steyerm.",,68270
PIPERACEAE,"Piper multiplinervium","C. DC.",,68276
PIPERACEAE,"Piper peltatum",L.,,68288
PIPERACEAE,"Piper perlasense",Yunck.,,68293
PIPERACEAE,"Piper playablancanum",Trel.,,68302
PIPERACEAE,"Piper pseudo-garagaranum",Trel.,,81183
PIPERACEAE,"Piper pseudogaragaranum",Trel.,,68308
PIPERACEAE,"Piper pseudovariabile",Trel.,,68311
PIPERACEAE,"Piper pubistipulum","C. DC.",,68312
PIPERACEAE,"Piper reticulatum",L.,,68314
PIPERACEAE,"Piper schiedeanum",Steud.,,68320
PIPERACEAE,"Piper seducentifolium",Trel.,,68322
PIPERACEAE,"Piper subnudispicum",Trel.,,177355
PIPERACEAE,"Piper trigonum","C. DC.",,68344
PIPERACEAE,"Piper villiramulum","C. DC.",,68356
PIPERACEAE,"Piper viridicaule",Trel.,,68357
POLYGALACEAE,"Polygala paniculata",L.,,68570
POLYGALACEAE,"Securidaca diversifolia","(L.) S.F. Blake",,69504
POLYGALACEAE,"Securidaca sylvestris",Schltdl.,,69505
POLYGONACEAE,"Coccoloba acuminata",Kunth,,63325
POLYGONACEAE,"Coccoloba coronata",Jacq.,,63328
POLYGONACEAE,"Coccoloba johnstonii","R.A. Howard",,63333
POLYGONACEAE,"Coccoloba manzinellensis",Beurl.,,63337
POLYGONACEAE,"Coccoloba obovata",Kunth,,63339
POLYGONACEAE,"Coccoloba parimensis",Benth.,,63341
POLYGONACEAE,"Persicaria acuminata","(Kunth) M. Gómez",,180998
POLYGONACEAE,"Persicaria punctata",,,110886
POLYGONACEAE,"Triplaris cumingiana","Fisch. & C.A. Mey.",,70634
PROTEACEAE,"Roupala montana",Aubl.,,69200
RAFFLESIACEAE,"Apodanthes caseariae",Poit.,,61911
RHAMNACEAE,"Colubrina glandulosa",Perkins,,63382
RHAMNACEAE,"Colubrina glandulosa var. glandulosa",,,78230
RHAMNACEAE,"Gouania colombiana",Suess.,,65118
RHAMNACEAE,"Gouania croatii","A. Pool",,172405
RHAMNACEAE,"Gouania lupuloides","(L.) Urb.",,65120
RHAMNACEAE,"Gouania polygama","(Jacq.) Urb.",,65121
RHAMNACEAE,"Ziziphus strychnifolia","Triana & Planch.",,80345
RHIZOPHORACEAE,"Cassipourea elliptica","(Sw.) Poir.",,62791
ROSACEAE,"Rosa spinosissima",L.,,69193
RUBIACEAE,"Alibertia dwyeri","Delprete & C.H. Perss.",,61575
RUBIACEAE,"Alibertia edulis","(Rich.) A. Rich. ex DC.",,61576
RUBIACEAE,"Alseis blackiana",Hemsl.,,61596
RUBIACEAE,"Amaioua corymbosa",Kunth,,80085
RUBIACEAE,"Amaioua glomerulata","(Lam. ex Poir.) Delprete & C.H. Perss.",,61612
RUBIACEAE,"Appunia seibertii",Standl.,,61912
RUBIACEAE,"Bertiera guianensis",Aubl.,,62312
RUBIACEAE,"Calycophyllum candidissimum","(Vahl) DC.",,62655
RUBIACEAE,"Carapichea ipecacuanha","(Brot.) L. Andersson",,62735
RUBIACEAE,"Chiococca belizensis",Lundell,,63022
RUBIACEAE,"Chomelia psilocarpa","Dwyer & M.V. Hayden",,63038
RUBIACEAE,"Cosmibuena grandiflora","(Ruiz & Pav.) Rusby",,63549
RUBIACEAE,"Cosmibuena macrocarpa","(Benth.) Klotzsch ex Walp.",,63550
RUBIACEAE,"Coussarea loftonii","(Dwyer & M.V. Hayden) Dwyer",,63599
RUBIACEAE,"Coussarea suaveolens","C.M. Taylor & J.G. Jardim",,181549
RUBIACEAE,"Coutarea hexandra","(Jacq.) K. Schum.",,63604
RUBIACEAE,"Diodella sarmentosa","(Sw.) Bacigalupo & E.L. Cabral",,96169
RUBIACEAE,"Faramea luteovirens",Standl.,,64845
RUBIACEAE,"Faramea occidentalis","(L.) A. Rich.",,64848
RUBIACEAE,"Galianthe spicata","Cabaña Fader & Dessein",,181550
RUBIACEAE,"Genipa americana",L.,,65001
RUBIACEAE,"Geophila croatii",Steyerm.,,65024
RUBIACEAE,"Geophila repens","(L.) I.M. Johnst.",,65027
RUBIACEAE,"Guettarda foliacea",Standl.,,65191
RUBIACEAE,"Hamelia axillaris",Sw.,,65290
RUBIACEAE,"Hamelia patens",Jacq.,,65294
RUBIACEAE,"Hoffmannia longipetiolata",Pol.,,65506
RUBIACEAE,"Hoffmannia subauriculata",Standl.,,65514
RUBIACEAE,"Isertia haenkeana",DC.,,65802
RUBIACEAE,"Isertia haenkeana var. haenkeana",,,170047
RUBIACEAE,"Ixora coccinea",L.,,65812
RUBIACEAE,"Macrocnemum roseum","(Ruiz & Pav.) Wedd.",,66315
RUBIACEAE,"Manettia reclinata",L.,,66385
RUBIACEAE,"Notopleura uliginosa","(Sw.) Bremek.",,67151
RUBIACEAE,"Oldenlandia corymbosa",L.,,67244
RUBIACEAE,"Palicourea acuminata","(Benth.) Borhidi",,67421
RUBIACEAE,"Palicourea brachiata","(Sw.) Borhidi",,180988
RUBIACEAE,"Palicourea cuspidata","(Bredem. ex Schult.) C.M. Taylor",,67429
RUBIACEAE,"Palicourea cyanococca",Borhidi,,181552
RUBIACEAE,"Palicourea deflexa","(DC.) Borhidi",,171538
RUBIACEAE,"Palicourea guianensis",Aubl.,,67436
RUBIACEAE,"Palicourea hoffmannseggiana","(Willd. ex Schult.) Borhidi",,171540
RUBIACEAE,"Palicourea racemosa","(Aubl.) Borhidi",,171544
RUBIACEAE,"Pentagonia macrophylla",Benth.,,67735
RUBIACEAE,"Pittoniotis trichantha",Griseb.,,68403
RUBIACEAE,"Pogonopus exsertus","(Oerst.) Oerst.",,68542
RUBIACEAE,"Posoqueria latifolia","(Rudge) Schult.",,68636
RUBIACEAE,"Psychotria capitata","Ruiz & Pav.",,68814
RUBIACEAE,"Psychotria carthagenensis",Jacq.,,68816
RUBIACEAE,"Psychotria chagrensis",Standl.,,68819
RUBIACEAE,"Psychotria deflexa",DC.,,68828
RUBIACEAE,"Psychotria gracilenta","Müll. Arg.",,68842
RUBIACEAE,"Psychotria graciliflora",Benth.,,68843
RUBIACEAE,"Psychotria grandis",Sw.,,68844
RUBIACEAE,"Psychotria guapilensis","(Standl.) Hammel",,68845
RUBIACEAE,"Psychotria hebeclada",DC.,,68848
RUBIACEAE,"Psychotria hoffmannseggiana","(Schult.) Müll. Arg.",,68850
RUBIACEAE,"Psychotria horizontalis",Sw.,,68851
RUBIACEAE,"Psychotria limonensis","K. Krause",,68857
RUBIACEAE,"Psychotria marginata",Sw.,,68862
RUBIACEAE,"Psychotria micrantha",Kunth,,68863
RUBIACEAE,"Psychotria patens",Sw.,,68879
RUBIACEAE,"Psychotria poeppigiana","Müll. Arg.",,68884
RUBIACEAE,"Psychotria psychotriifolia","(Seem.) Standl.",,68885
RUBIACEAE,"Psychotria tenuifolia",Sw.,,68906
RUBIACEAE,"Randia armata","(Sw.) DC.",,69016
RUBIACEAE,"Randia armata subsp. armata",,,177446
RUBIACEAE,"Randia grandifolia","(Donn. Sm.) Standl.",,69021
RUBIACEAE,"Randia lasiantha","(Standl.) Standl.",,69024
RUBIACEAE,"Ronabea emetica","(L. f.) A. Rich.",,69186
RUBIACEAE,"Ronabea latifolia",Aubl.,,69187
RUBIACEAE,"Rosenbergiodendron formosum","(Jacq.) Fagerl.",,69194
RUBIACEAE,"Sabicea villosa",Schult.,,69283
RUBIACEAE,"Sabicea villosa var. adpressa","(Wernham) Standl.",,78464
RUBIACEAE,"Spermacoce alata",Aubl.,,69906
RUBIACEAE,"Spermacoce densiflora","(DC.) Alain",,69908
RUBIACEAE,"Spermacoce exilis","(L.O. Williams) C.D. Adams",,69909
RUBIACEAE,"Spermacoce ocymifolia","Willd. ex Roem. & Schult.",,69910
RUBIACEAE,"Spermacoce prostrata",Aubl.,,69911
RUBIACEAE,"Spermacoce remota",Lam.,,69913
RUBIACEAE,"Spermacoce tenuior",L.,,69915
RUBIACEAE,"Tocoyena pittieri","(Standl.) Standl.",,70465
RUBIACEAE,"Uncaria tomentosa","(Willd.) DC.",,70686
RUBIACEAE,"Warszewiczia coccinea","(Vahl) Klotzsch",,70872
RUTACEAE,"Citrus aurantiifolia","(Christm.) Swingle",,63167
RUTACEAE,"Citrus aurantium",L.,,63168
RUTACEAE,"Citrus limon","(L.) Osbeck",,63169
RUTACEAE,"Citrus maxima","(Burm.) Merr.",,63170
RUTACEAE,"Citrus reticulata",Blanco,,63171
RUTACEAE,"Citrus sinensis","(L.) Osbeck",,80150
RUTACEAE,"Zanthoxylum acuminatum","(Sw.) Sw.",,70996
RUTACEAE,"Zanthoxylum acuminatum subsp. juniperinum","(Poepp.) Reynel",,78131
RUTACEAE,"Zanthoxylum ekmanii","(Urb.) Alain",,70998
RUTACEAE,"Zanthoxylum panamense","P. Wilson",,71005
RUTACEAE,"Zanthoxylum riedelianum",Engl.,,71008
RUTACEAE,"Zanthoxylum riedelianum subsp. kellermanii","(P. Wilson) Reynel",,159529
RUTACEAE,"Zanthoxylum setulosum","P. Wilson",,71009
SALICACEAE,"Piparea dentata",Aubl.,,181515
SAPINDACEAE,"Allophylus psilospermus",Radlk.,,61585
SAPINDACEAE,"Allophylus punctatus",Radlk.,,87922
SAPINDACEAE,"Cupania americana",L.,,63718
SAPINDACEAE,"Cupania cinerea",Poepp.,,63719
SAPINDACEAE,"Cupania latifolia",Kunth,,63725
SAPINDACEAE,"Cupania rufescens","Triana & Planch.",,63728
SAPINDACEAE,"Cupania seemannii","Triana & Planch.",,63730
SAPINDACEAE,"Matayba apetala",Radlk.,,66465
SAPINDACEAE,"Matayba sylvatica","(Casar.) Radlk.",,181530
SAPINDACEAE,"Paullinia allenii",Standl.,,67630
SAPINDACEAE,"Paullinia baileyi",Standl.,,67631
SAPINDACEAE,"Paullinia bracteosa",Radlk.,,67632
SAPINDACEAE,"Paullinia fibrigera",Radlk.,,67647
SAPINDACEAE,"Paullinia fuscescens",Kunth,,67650
SAPINDACEAE,"Paullinia glomerulosa",Radlk.,,67651
SAPINDACEAE,"Paullinia pinnata",L.,,67659
SAPINDACEAE,"Paullinia pterocarpa","Triana & Planch.",,67660
SAPINDACEAE,"Paullinia rugosa","Benth. ex Radlk.",,67662
SAPINDACEAE,"Paullinia turbacensis",Kunth,,67669
SAPINDACEAE,"Serjania atrolineata","C. Wright",,69595
SAPINDACEAE,"Serjania circumvallata",Radlk.,,69597
SAPINDACEAE,"Serjania cornigera",Turcz.,,69598
SAPINDACEAE,"Serjania membranacea",Splitg.,,69604
SAPINDACEAE,"Serjania mexicana","(L.) Willd.",,69605
SAPINDACEAE,"Serjania paucidentata",DC.,,69607
SAPINDACEAE,"Serjania pyramidata",Radlk.,,69609
SAPINDACEAE,"Serjania trachygona",Radlk.,,69611
SAPINDACEAE,"Talisia croatii",Acev.-Rodr.,,70194
SAPINDACEAE,"Talisia nervosa",Radlk.,,70199
SAPINDACEAE,"Thinouia myriantha","Triana & Planch.",,70408
SAPOTACEAE,"Chrysophyllum argenteum",Jacq.,,63084
SAPOTACEAE,"Chrysophyllum argenteum subsp. panamense","(Pittier) T.D. Penn.",,77975
SAPOTACEAE,"Chrysophyllum cainito",L.,,63086
SAPOTACEAE,"Pouteria fossicola",Cronquist,,68664
SAPOTACEAE,"Pouteria reticulata","(Engl.) Eyma",,68674
SAPOTACEAE,"Pouteria reticulata subsp. reticulata",,,78076
SAPOTACEAE,"Pouteria stipitata",Cronquist,,68680
SAXIFRAGACEAE,"Hydrangea peruviana",Moric.,,65557
SCROPHULARIACEAE,"Bacopa salzmannii","(Benth.) Wettst. ex Edwall",,62181
SCROPHULARIACEAE,"Lindernia crustacea","(L.) F. Muell.",,66116
SCROPHULARIACEAE,"Mecardonia procumbens","(Mill.) Small",,66590
SCROPHULARIACEAE,"Scoparia dulcis",L.,,69487
SIMAROUBACEAE,"Quassia amara",L.,,68979
SIMAROUBACEAE,"Simarouba amara",Aubl.,,69674
SOLANACEAE,"Browallia americana",L.,,62511
SOLANACEAE,"Capsicum annuum",L.,,62730
SOLANACEAE,"Cestrum latifolium",Lam.,,62939
SOLANACEAE,"Cestrum megalophyllum",Dunal,,62941
SOLANACEAE,"Cestrum racemosum","Ruiz & Pav.",,62944
SOLANACEAE,"Cestrum schlechtendalii","G. Don",,62948
SOLANACEAE,"Lycianthes maxonii",Standl.,,66248
SOLANACEAE,"Lycianthes synanthera","(Sendtn.) Bitter",,66256
SOLANACEAE,"Markea panamensis",Standl.,,66446
SOLANACEAE,"Markea ulei","(Dammer) Cuatrec.",,66447
SOLANACEAE,"Physalis pubescens",L.,,68084
SOLANACEAE,"Solanum arboreum",Dunal,,69766
SOLANACEAE,"Solanum asperum",Rich.,,69770
SOLANACEAE,"Solanum aturense",Dunal,,69771
SOLANACEAE,"Solanum circinatum",Bohs,,69778
SOLANACEAE,"Solanum hayesii",Fernald,,69793
SOLANACEAE,"Solanum jamaicense",Mill.,,69799
SOLANACEAE,"Solanum lanceifolium",Jacq.,,69800
SOLANACEAE,"Solanum lepidotum",Dunal,,69802
SOLANACEAE,"Solanum nudum",Dunal,,69813
SOLANACEAE,"Solanum pectinatum",Dunal,,69816
SOLANACEAE,"Solanum rudepannum",Dunal,,69828
SOLANACEAE,"Solanum rugosum",Dunal,,69829
SOLANACEAE,"Solanum subinerme",Jacq.,,69837
SOLANACEAE,"Solanum umbellatum",Mill.,,69843
SOLANACEAE,"Solanum volubile",Sw.,,69849
SOLANACEAE,"Witheringia solanacea",L'HÃ©r.,,70942
STAPHYLEACEAE,"Staphylea occidentalis",Sw.,,77887
STAPHYLEACEAE,"Staphylea occidentalis subsp. breviflora","(Croat) comb. ined.",,189389
STERCULIACEAE,"Byttneria aculeata","(Jacq.) Jacq.",,62588
STERCULIACEAE,"Guazuma invira","(Willd.) G. Don",,100228
STERCULIACEAE,"Guazuma ulmifolia",Lam.,,65189
STERCULIACEAE,"Guazuma ulmifolia var. tomentella","K. Schum.",,78301
STERCULIACEAE,"Herrania purpurea","(Pittier) R.E. Schult.",,65425
STERCULIACEAE,"Melochia lupulina",Sw.,,66623
STERCULIACEAE,"Melochia melissifolia",Benth.,,66625
STERCULIACEAE,"Sterculia apetala","(Jacq.) H. Karst.",,70032
STERCULIACEAE,"Sterculia apetala var. apetala",,,78482
STERCULIACEAE,"Theobroma cacao",L.,,70401
STERCULIACEAE,"Waltheria glomerata","C. Presl",,70866
THEACEAE,"Ternstroemia tepezapote","Schltdl. & Cham.",,70270
THEOPHRASTACEAE,"Bonellia macrocarpa","(Cav.) B. Ståhl & Källersjö",,62456
THEOPHRASTACEAE,"Bonellia macrocarpa subsp. panamensis","(Lundell) B. Ståhl & Källersjö",,77955
TILIACEAE,"Apeiba membranacea","Spruce ex Benth.",,61883
TILIACEAE,"Apeiba tibourbou",Aubl.,,61884
TILIACEAE,"Corchorus siliquosus",L.,,63513
TILIACEAE,"Heliocarpus americanus",L.,,65394
TILIACEAE,"Luehea seemannii","Triana & Planch.",,66217
TILIACEAE,"Luehea speciosa",Willd.,,66218
TILIACEAE,"Trichospermum galeottii","(Turcz.) Kosterm.",,70608
TILIACEAE,"Trichospermum mexicanum","(DC.) Baill.",,70610
TILIACEAE,"Triumfetta lappula",L.,,70654
TRIGONIACEAE,"Trigonia rugosa",Benth.,,70620
TURNERACEAE,"Turnera panamensis",Urb.,,70671
ULMACEAE,"Celtis iguanaea","(Jacq.) Sarg.",,62881
ULMACEAE,"Celtis schippii",Standl.,,62882
ULMACEAE,"Trema domingensis",Urb.,"Includes T. integerrima based on: https://journals.brit.org/jbrit/article/view/960",182151
ULMACEAE,"Trema micrantha","(L.) Blume",,70520
URTICACEAE,"Boehmeria cylindrica","(L.) Sw.",,62423
URTICACEAE,"Cecropia insignis",Liebm.,,62866
URTICACEAE,"Cecropia longipes",Pittier,,62867
URTICACEAE,"Cecropia obtusifolia",Bertol.,,62869
URTICACEAE,"Cecropia peltata",L.,,62870
URTICACEAE,"Coussapoa asperifolia",Trécul,,63582
URTICACEAE,"Coussapoa asperifolia subsp. magnifolia","(Trécul) Akkermans & C.C. Berg",,77984
URTICACEAE,"Coussapoa villosa","Poepp. & Endl.",,63590
URTICACEAE,"Myriocarpa longipes",Liebm.,,67005
URTICACEAE,"Pilea microphylla","(L.) Liebm.",,68120
URTICACEAE,"Pourouma bicolor",Mart.,,68642
URTICACEAE,"Pourouma bicolor subsp. chocoana","(Standl.) C.C. Berg & Heusden",,78066
URTICACEAE,"Pouzolzia obliqua","(Wedd.) Wedd.",,68683
URTICACEAE,"Urera baccifera","(L.) Gaudich. ex Wedd.",,70702
URTICACEAE,"Urera eggersii",Hieron.,,80338
VERBENACEAE,"Aegiphila cephalophora",Standl.,,61499
VERBENACEAE,"Aegiphila deppeana",Steud.,,61501
VERBENACEAE,"Aegiphila elata",Sw.,,61502
VERBENACEAE,"Aegiphila panamensis",Moldenke,,61512
VERBENACEAE,"Clerodendrum paniculatum",L.,,63199
VERBENACEAE,"Lantana camara",L.,,65957
VERBENACEAE,"Lantana horrida",Kunth,,177050
VERBENACEAE,"Lantana horrida subsp. horrida",,,177051
VERBENACEAE,"Lantana scabrida",Aiton,,177052
VERBENACEAE,"Lantana strigocamara",R.W.Sanders,,177053
VERBENACEAE,"Lantana urticifolia",Mill.,,102781
VERBENACEAE,"Petrea volubilis",L.,,67902
VERBENACEAE,"Stachytarpheta jamaicensis","(L.) Vahl",,69962
VERBENACEAE,"Vitex cooperi",Standl.,,70821
VIOLACEAE,"Hybanthus prunifolius","(Humb. & Bonpl. ex Schult.) Schulze-Menz",,65551
VIOLACEAE,"Pombalia prunifolia","(Humb. & Bonpl.) Paula-Souza",,182081
VIOLACEAE,"Rinorea crenata","S.F. Blake",,69161
VIOLACEAE,"Rinorea squamata","S.F. Blake",,69171
VIOLACEAE,"Rinorea sylvatica","(Seem.) Kuntze",,69172
VISCACEAE,"Phoradendron piperoides","(Kunth) Trel.",,68038
VISCACEAE,"Phoradendron quadrangulare","(Kunth) Griseb.",,68040
VITACEAE,"Cissus erosa",Rich.,,63147
VITACEAE,"Cissus erosa subsp. erosa",,,77977
VITACEAE,"Cissus fuliginea",Kunth,,63149
VITACEAE,"Cissus microcarpa",Vahl,,63150
VITACEAE,"Cissus rhombifolia",Vahl,,80147
VITACEAE,"Cissus verticillata","(L.) Nicolson & C.E. Jarvis",,63156
VITACEAE,"Cissus verticillata subsp. verticillata",,,77979
VITACEAE,"Vitis tiliifolia","Humb. & Bonpl. ex Schult.",,70826
VOCHYSIACEAE,"Vochysia ferruginea",Mart.,,70835
